seed,family,condition,alpha,budget,n_train,margin_flipped,margin_clean,disagree_flipped,disagree_clean,leverage_flipped,leverage_clean,self_influence_flipped,self_influence_clean,auroc_self_influence,auroc_cross_fit,auroc_training_dynamics,auroc_ensemble
0,E1,random_flip,,26,176,0.8697911497526234,1.362252543097482,0.11833569301718515,0.07452160983865469,429.7898790626274,601.1960602700759,30.266385174198703,23.65746348907831,0.6238461538461538,0.6115384615384616,0.6538461538461539,0.6410256410256411
0,E1,gradient_flip,,26,176,2.9239415969003457,1.9989531762977777,0.01193535843456314,0.060342684639793615,1178.8459616866335,818.9854904246835,6.122350151155637,15.53763556841521,0.31666666666666665,0.3082051282051282,0.2969230769230769,0.29205128205128206
0,E1,ambiguity_flip,,26,176,0.8691742126525662,1.8666398505488302,0.14247796717174271,0.039836061918547105,296.2633027080475,775.3552889003877,14.616055706853105,16.329683512438955,0.4828205128205128,0.6328205128205128,0.8146153846153846,0.6623076923076923
0,E3,alpha=0.0,0.0,26,176,1.3732839705173252,0.8798447169614101,0.05625501615824772,0.11022188268651485,783.2850590559101,422.02115551967273,32.88164790852784,32.93283536073897,0.5089743589743589,0.6187179487179487,0.28384615384615386,0.4674358974358974
0,E3,alpha=0.25,0.25,26,176,1.2735898535315682,1.2102254729846689,0.06659168499493286,0.08560698238129989,654.3170683836245,544.0786361696006,30.584315911671087,24.96940388621449,0.6305128205128205,0.6282051282051282,0.45,0.5819230769230769
0,E3,alpha=0.5,0.5,26,176,1.2641509433770906,1.4275196105829318,0.07818462968279995,0.07745497412074374,586.4243411032841,629.2922568432987,28.56444700118197,21.571572398114142,0.6346153846153846,0.6366666666666667,0.5276923076923077,0.6078205128205129
0,E3,alpha=0.75,0.75,26,176,1.1160375547229877,1.5552203641765165,0.08871698071063346,0.06389744177955561,438.172573602534,669.7021854405843,23.710346428537363,18.200913586878936,0.6715384615384615,0.5817948717948718,0.6471794871794871,0.6484615384615384
0,E3,alpha=1.0,1.0,26,176,0.8691742126525662,1.8666398505488302,0.14247796717174271,0.039836061918547105,296.2633027080475,775.3552889003877,14.616055706853105,16.329683512438955,0.4828205128205128,0.6328205128205128,0.8146153846153846,0.6623076923076923
1,E1,random_flip,,26,177,1.017754312327933,1.3103522451577847,0.11049847717708536,0.07938293230383546,517.3023561089086,574.140760227208,26.976587591161145,23.113948015261364,0.5539989811512991,0.6604686704024453,0.5904228222109017,0.619587366276108
1,E1,gradient_flip,,26,177,3.211378189620708,1.9354265879728512,0.008616982657823511,0.06844578274279238,1349.8104240582886,770.2409861077922,6.05191198921987,15.98708725591309,0.3053998981151299,0.3127865511971472,0.25776872134488027,0.27457972491085075
1,E1,ambiguity_flip,,26,177,0.7271519158767669,1.7718809003970752,0.1458095717456038,0.04805965142641674,217.87039844574872,745.5867719705402,12.161883996908697,17.680049674753846,0.4108507386653082,0.609016811003566,0.8028527763627101,0.619587366276108
1,E3,alpha=0.0,0.0,26,177,1.486423344617936,0.862327236505304,0.05158317032607297,0.11498959697246797,833.1445403141158,424.29326225011374,29.96027736176284,32.086691578794245,0.5022924095771778,0.5855832908813041,0.25063678043810494,0.4382322975038207
1,E3,alpha=0.25,0.25,26,177,1.4551965151569002,1.1598235632534668,0.0642502145184633,0.09188223924739818,820.6635586375122,526.1706268720536,30.388569632780072,24.794098150514937,0.5876209882832399,0.5848191543555782,0.38588894549159447,0.5314569536423841
1,E3,alpha=0.5,0.5,26,177,1.10007380263575,1.3295323815570517,0.09162557711855206,0.0826337840256401,486.9604656247092,603.2035673133336,29.30700916478948,21.549579629003432,0.6569026999490576,0.6176770249617932,0.5634233316352522,0.6351248089658685
1,E3,alpha=0.75,0.75,26,177,0.8625357414212927,1.5286942588052912,0.12174702384980154,0.06961925234004368,313.52161439591276,675.610062034522,24.34819779545216,19.44042273381923,0.652317880794702,0.5850738665308202,0.6917982679572083,0.6598318899643403
1,E3,alpha=1.0,1.0,26,177,0.7271519158767669,1.7718809003970752,0.1458095717456038,0.04805965142641674,217.87039844574872,745.5867719705402,12.161883996908697,17.680049674753846,0.4108507386653082,0.609016811003566,0.8028527763627101,0.619587366276108
2,E1,random_flip,,27,180,1.3712381637243778,1.4350127032167384,0.07321304552077536,0.07560620470116161,640.4450074038375,614.0225321300087,25.11270293408705,21.20432313400323,0.5478092471556524,0.5654805131929315,0.5102880658436214,0.5405470830307432
2,E1,gradient_flip,,27,180,3.0017766812933284,1.8868276757252433,0.013668585074865514,0.06877525993051001,1356.7582141314278,734.5465766736902,7.869755574972446,17.971482288718406,0.31251512950859356,0.3202614379084967,0.29000242072137494,0.294480755265069
2,E1,ambiguity_flip,,27,180,0.7642971451753411,1.8117324381622195,0.13328849343321833,0.04205991403337666,198.30315776265874,724.4588742515017,13.676735185872484,17.570291062536658,0.4442023723069475,0.5899297990801259,0.8213507625272332,0.6223674655047204
2,E3,alpha=0.0,0.0,27,180,1.2938277037547719,0.8544643662507628,0.055669903726262564,0.11585214797787409,673.1339720761124,435.05765480330723,31.653867863426626,33.78275894620492,0.504236262406197,0.5962236746550472,0.2844347615589446,0.46296296296296297
2,E3,alpha=0.25,0.25,27,180,1.633972106098339,1.1752909518683932,0.04655654217835417,0.08777649891662921,823.9903083196579,512.5127147190844,24.766561740827164,24.56304260309924,0.5112563543936093,0.48946986201888165,0.3403534253207456,0.45013313967562335
2,E3,alpha=0.5,0.5,27,180,1.2979840889787668,1.4048688527958355,0.0632368630509342,0.07827826938698679,568.6670986959381,620.4709202629884,26.97734277090811,21.321969269250722,0.6247881868796902,0.5908980876301138,0.5020576131687243,0.5773420479302832
2,E3,alpha=0.75,0.75,27,180,0.8135698691249146,1.485775030854824,0.13614988456743343,0.07388815482137509,391.92782318081305,647.0693140705894,29.451879461565543,21.714301048103646,0.6715081094166061,0.6013071895424836,0.6857903655289276,0.668724279835391
2,E3,alpha=1.0,1.0,27,180,0.7642971451753411,1.8117324381622195,0.13328849343321833,0.04205991403337666,198.30315776265874,724.4588742515017,13.676735185872484,17.570291062536658,0.4442023723069475,0.5899297990801259,0.8213507625272332,0.6223674655047204
3,E1,random_flip,,27,180,0.9633283393906893,1.3440190306989106,0.09865974427046112,0.07339440676193822,512.4651362775872,608.265806513184,37.03022881516782,23.39749459674112,0.6780440571290245,0.6681190994916485,0.6364076494795449,0.6762285160977971
3,E1,gradient_flip,,27,180,2.338480831395656,1.3860859706077013,0.020006506156257712,0.07802395988338735,1145.735708913954,639.5223281440337,12.46373679767779,23.34911697898307,0.307915758896151,0.3309126119583636,0.23698862260953765,0.28177196804647786
3,E1,ambiguity_flip,,27,180,0.7724973578168616,1.9278478604087446,0.12771180905265483,0.03564231781053964,210.80488922153174,811.0025939665669,15.426421867876163,16.052360498437256,0.5318324860808521,0.6194625998547567,0.8344226579520697,0.667513919147906
3,E3,alpha=0.0,0.0,27,180,1.2889401534951712,0.9821345483349146,0.06666545312142914,0.10000639755665652,761.913659822788,479.24989088660556,37.6954146667208,30.89056898830691,0.598160251755023,0.6702977487291213,0.3756959573953038,0.5637860082304527
3,E3,alpha=0.25,0.25,27,180,1.52018788759819,1.2624629436355193,0.04994493445364454,0.08186716428223016,846.0371035252111,580.7048294452668,27.610549160695776,24.90105501148988,0.5843621399176955,0.6458484628419269,0.40038731541999517,0.5456305979181796
3,E3,alpha=0.5,0.5,27,180,1.2846165214707994,1.4716788129850977,0.08974076606842561,0.07285770255000901,677.2622305731082,681.5606486028395,31.889831970237847,21.743600284821255,0.6385862987170177,0.6063907044299202,0.5536189784555797,0.6038489469862018
3,E3,alpha=0.75,0.75,27,180,1.234078117392046,1.6754511972358839,0.06793313460785222,0.062495317935073666,488.2124069562054,745.7668785391301,23.32827974014772,18.15648210108259,0.682885499878964,0.6279351246671508,0.6419753086419753,0.6608569353667393
3,E3,alpha=1.0,1.0,27,180,0.7724973578168616,1.9278478604087446,0.12771180905265483,0.03564231781053964,210.80488922153174,811.0025939665669,15.426421867876163,16.052360498437256,0.5318324860808521,0.6194625998547567,0.8344226579520697,0.667513919147906
4,E1,random_flip,,27,183,1.0603884416668148,1.3980478686585904,0.08677503020084922,0.06752556112904574,488.8069008374133,608.6512399637868,30.813578424647886,20.883670526088128,0.6431623931623932,0.6068376068376068,0.6201329534662868,0.6306980056980057
4,E1,gradient_flip,,27,183,2.4694634122706014,1.277200993357009,0.015175686502788725,0.08394259693486046,1196.2981405261937,570.2906133455245,9.844099259199615,23.53365729357385,0.24287749287749288,0.2345679012345679,0.17663817663817663,0.1981244064577398
4,E1,ambiguity_flip,,27,183,0.8605556353120164,1.772454179039029,0.13416912929281896,0.04106547325414365,263.3876911826064,749.8412444676554,13.42009308825282,17.26083185245772,0.43874643874643876,0.5638651471984806,0.7989078822412156,0.606718898385565
4,E3,alpha=0.0,0.0,27,183,1.251558154500198,0.8988342454584713,0.07587981362232216,0.11023126181227533,785.0022924701464,443.133585705188,40.98625758905872,32.90223120832137,0.5885565052231719,0.6692782526115859,0.36253561253561256,0.5591168091168092
4,E3,alpha=0.25,0.25,27,183,1.4872896822068151,1.1847428516097709,0.06876227085852916,0.08362664680940209,769.4598275832417,536.1260535219072,27.634612453383472,24.983146482039604,0.5035612535612536,0.560303893637227,0.4097815764482431,0.48836657169990505
4,E3,alpha=0.5,0.5,27,183,1.2712064864163328,1.3196491031708912,0.08864732651119692,0.0748622952943488,633.099901606518,576.2247334782189,29.968466900590734,22.125664346957826,0.646011396011396,0.6028015194681862,0.5531813865147198,0.6188271604938271
4,E3,alpha=0.75,0.75,27,183,1.0086360900382179,1.5192766561290245,0.10715077217173441,0.06676653861735816,446.28971421014336,670.767630818848,27.15568416921403,19.595569446026214,0.6851851851851852,0.610636277302944,0.6711775878442545,0.6762820512820513
4,E3,alpha=1.0,1.0,27,183,0.8605556353120164,1.772454179039029,0.13416912929281896,0.04106547325414365,263.3876911826064,749.8412444676554,13.42009308825282,17.26083185245772,0.43874643874643876,0.5638651471984806,0.7989078822412156,0.606718898385565
5,E1,random_flip,,26,177,1.0093456054399488,1.3543917387005453,0.10552446526250543,0.07350288076400435,477.96412890236763,602.6983234019197,26.750276692208637,22.05993904344925,0.5845644421803362,0.5980641874681609,0.6268466632705043,0.6273560876209883
5,E1,gradient_flip,,26,177,2.3225120643088406,1.2517527065648817,0.02080505496047874,0.08548652053543386,1128.6563385183936,578.3437111180747,13.349472265786877,23.15734974827056,0.3010697911360163,0.2850229240957718,0.20249617931737138,0.2401935812531839
5,E1,ambiguity_flip,,26,177,0.729995398200282,1.8393716654920755,0.1406130697115061,0.04200039110431814,229.2219810060266,780.7990967614581,13.517534232000902,16.335108754930587,0.48955680081507896,0.6342333163525217,0.8362200713194091,0.6709118695873663
5,E3,alpha=0.0,0.0,26,177,1.4257294188430005,0.9361151190738324,0.053560239198806696,0.10573801908056676,797.4207323301622,445.4549282519012,30.836536101655852,30.321755542568088,0.5287824758023434,0.60825267447784,0.2954661232806928,0.47656647987773815
5,E3,alpha=0.25,0.25,26,177,1.5001848019744044,1.243894657026744,0.053337829873599536,0.08463598890541853,810.2675992761517,557.3906136128024,26.268834194691642,22.932294070427236,0.5812531839021905,0.5998471726948548,0.40269994905756495,0.5387162506367804
5,E3,alpha=0.5,0.5,26,177,1.1098051430386786,1.3355693524074805,0.09386545786455427,0.07926967928159462,514.6334129330771,598.1390685751479,31.17829878142167,21.416162407848592,0.6726948548140601,0.5662251655629139,0.5728476821192053,0.620096790626592
5,E3,alpha=0.75,0.75,26,177,0.9345639374875794,1.563278388232255,0.11848307464066556,0.06753181913592857,406.3268286584158,687.2388988161939,26.5710140095566,18.964286538401062,0.7014773306164035,0.5809984717269485,0.6882322975038206,0.6725674987264392
5,E3,alpha=1.0,1.0,26,177,0.729995398200282,1.8393716654920755,0.1406130697115061,0.04200039110431814,229.2219810060266,780.7990967614581,13.517534232000902,16.335108754930587,0.48955680081507896,0.6342333163525217,0.8362200713194091,0.6709118695873663
6,E1,random_flip,,27,181,1.2306959357056935,1.4217890989326265,0.08287222464992662,0.06969264237119127,549.9360888280121,631.086980201385,25.825741242714162,22.14016391410225,0.5317460317460317,0.5276575276575276,0.544973544973545,0.5334295334295335
6,E1,gradient_flip,,27,181,3.0339657202877697,2.203762528917109,0.011988107621264206,0.05612479674865742,1310.2262312387581,893.0613271226284,6.5014031022693315,15.367577923516935,0.335978835978836,0.3164983164983165,0.3179413179413179,0.31625781625781624
6,E1,ambiguity_flip,,27,181,0.9439306670666481,1.9350452248317376,0.11953744903424766,0.03982131828405016,275.1152067286991,832.0396150350573,13.909656727735467,16.437530342487154,0.48508898508898507,0.6132756132756133,0.79004329004329,0.6421356421356421
6,E3,alpha=0.0,0.0,27,181,1.2665912019521348,0.8742422991237329,0.060885967715762185,0.11150359234513171,724.0167927637168,445.6414994241979,37.380077099266074,34.253160080272615,0.5514670514670514,0.6238576238576239,0.2994227994227994,0.4882154882154882
6,E3,alpha=0.25,0.25,27,181,1.1811249138806599,1.1389909980607336,0.07708347925396829,0.09144593871824908,699.3805725233918,535.6367756512973,37.81178387628555,27.314988884325857,0.6577681577681578,0.6952861952861953,0.4615199615199615,0.6185666185666185
6,E3,alpha=0.5,0.5,27,181,0.9347688488458166,1.3495265364902964,0.10794226031435884,0.08356407504296333,471.1418704351734,645.1386460064192,35.34164377221695,24.52896054111164,0.689033189033189,0.5798460798460798,0.6204906204906205,0.63997113997114
6,E3,alpha=0.75,0.75,27,181,1.2191770216066726,1.687610218312248,0.09653292933734504,0.06208626519727063,508.66337181318875,752.0992461760519,24.57250642064857,18.407076264470533,0.6423761423761424,0.5461760461760462,0.6308321308321309,0.6138768638768639
6,E3,alpha=1.0,1.0,27,181,0.9439306670666481,1.9350452248317376,0.11953744903424766,0.03982131828405016,275.1152067286991,832.0396150350573,13.909656727735467,16.437530342487154,0.48508898508898507,0.6132756132756133,0.79004329004329,0.6421356421356421
7,E1,random_flip,,26,176,0.9749061315893652,1.322216800183365,0.10845104465103186,0.0741596000150653,505.5895292038436,586.8748903562563,28.55272875492769,23.475327463937518,0.5882051282051282,0.5428205128205128,0.6338461538461538,0.6012820512820513
7,E1,gradient_flip,,26,176,2.3193666091433696,1.211739446807641,0.016508466285106035,0.08734121098373905,1174.196930523731,525.6529173463979,11.36405752837616,24.298668434524714,0.25051282051282053,0.31025641025641026,0.17256410256410257,0.2255128205128205
7,E1,ambiguity_flip,,26,176,0.7695957921889176,1.801906692275956,0.13388564614831866,0.040738974533930855,212.964666734032,740.7797353077228,16.399832617352793,16.513283159738464,0.5184615384615384,0.587948717948718,0.8220512820512821,0.6533333333333333
7,E3,alpha=0.0,0.0,26,176,1.3610027408623446,0.8760329405373568,0.05356967930637329,0.10938059111011872,793.7453426647832,415.11670798899655,32.92110138724884,32.53497525540597,0.5502564102564103,0.6782051282051282,0.28282051282051285,0.5167948717948718
7,E3,alpha=0.25,0.25,26,176,1.3472848565904463,1.210217644737045,0.07040685104348263,0.08573766966402571,725.2541175937318,554.1433409950605,29.557671104187,23.878548517514446,0.5846153846153846,0.5884615384615385,0.43948717948717947,0.5457692307692308
7,E3,alpha=0.5,0.5,26,176,1.3629535723926431,1.4076326960279386,0.08128274313830061,0.07505149670479463,643.5907631706918,610.4734845983899,28.7627473919865,20.77151427217008,0.5917948717948718,0.5043589743589744,0.5151282051282051,0.5475641025641026
7,E3,alpha=0.75,0.75,26,176,1.1259813646219796,1.5494219140575651,0.09608397988590951,0.06346786139989123,477.8595723073577,669.160631698169,22.46317026941691,18.965241456343474,0.615897435897436,0.5176923076923077,0.6387179487179487,0.595
7,E3,alpha=1.0,1.0,26,176,0.7695957921889176,1.801906692275956,0.13388564614831866,0.040738974533930855,212.964666734032,740.7797353077228,16.399832617352793,16.513283159738464,0.5184615384615384,0.587948717948718,0.8220512820512821,0.6533333333333333
8,E1,random_flip,,26,179,1.218581456753556,1.3674919268609362,0.08228064662333415,0.07894327572699571,637.9896398161837,617.0651978632735,29.535223265288156,22.699565808072165,0.6251885369532428,0.663901458019105,0.5206133735545501,0.6040723981900452
8,E1,gradient_flip,,26,179,2.9048456019782023,2.1708102256947432,0.011210415234855638,0.05652662715607209,1287.1626918124432,899.8320511248163,6.2148727245329445,15.048495270764942,0.34338863750628457,0.334841628959276,0.3273001508295626,0.31862745098039214
8,E1,ambiguity_flip,,26,179,0.6373933658916887,1.9501406375787032,0.14043201491845697,0.039193199697081786,180.4095085605571,857.4560564008448,15.04735385257909,15.911878064079913,0.5356963298139769,0.652589240824535,0.879587732528909,0.7062594268476622
8,E3,alpha=0.0,0.0,26,179,1.2856506750476315,0.9743078058341395,0.06384454322789673,0.10303873723230288,751.5211362658569,478.0252202543025,37.89950648255067,30.8696867827437,0.608848667672197,0.669683257918552,0.3622423328305681,0.5568124685771745
8,E3,alpha=0.25,0.25,26,179,1.4399403831096032,1.2924731257685114,0.05705174940661131,0.07952081281841727,797.4467092139158,562.0647178376431,29.210656779962207,22.501551127848717,0.6156359979889392,0.6473102061337356,0.4308697838109603,0.5720211161387632
8,E3,alpha=0.5,0.5,26,179,1.368449257482897,1.5345746027127236,0.05806450349143556,0.06933101940177336,627.3438023443771,678.8900842683806,25.95902420766668,19.175773532187243,0.6611362493715435,0.5975364504776269,0.5407239819004525,0.6025641025641025
8,E3,alpha=0.75,0.75,26,179,0.820902742213429,1.6197419431997326,0.13967096307559404,0.061439801415957604,391.81360108908433,721.9899006663615,30.19302812544427,18.537925817723774,0.72473604826546,0.630718954248366,0.7280040221216691,0.7182001005530417
8,E3,alpha=1.0,1.0,26,179,0.6373933658916887,1.9501406375787032,0.14043201491845697,0.039193199697081786,180.4095085605571,857.4560564008448,15.04735385257909,15.911878064079913,0.5356963298139769,0.652589240824535,0.879587732528909,0.7062594268476622
9,E1,random_flip,,27,180,1.1181182771490454,1.3296107767162315,0.08991896174777098,0.07702613413225395,547.5638081978669,606.7220281634328,32.306606509663865,22.436648813604794,0.6025175502299686,0.5739530380053256,0.5681433067053983,0.5888404744613895
9,E1,gradient_flip,,27,180,2.3778990369897723,1.2584086710205047,0.01455884217928917,0.08285128720674972,1122.0310688548352,578.1080737972246,10.31127224775867,23.183483296803484,0.23916727184701042,0.2038247397724522,0.1568627450980392,0.1757443718228032
9,E1,ambiguity_flip,,27,180,0.6514005379434378,1.7695160344396852,0.13817045736646746,0.04522478343275377,180.1140753443596,753.5701676402414,14.23325516732112,18.36229615872707,0.44517066085693535,0.6211571048172355,0.8564512224642944,0.649116436698136
9,E3,alpha=0.0,0.0,27,180,1.4150859164160439,0.8835086210586264,0.05645442308327192,0.10769553394237419,817.5239270216856,421.02546151972103,33.547918677060316,32.47968177795675,0.5291696925683854,0.5669329460179133,0.289760348583878,0.46719922536916003
9,E3,alpha=0.25,0.25,27,180,1.329526566164367,1.2082679333832413,0.0613667149652755,0.08706043879163078,704.8682941934478,554.0646054708319,30.805594446882992,23.8566873383293,0.6349552166545631,0.607358992979908,0.43137254901960786,0.564875332849189
9,E3,alpha=0.5,0.5,27,180,0.9550943716234973,1.3320390689120796,0.10941959176585787,0.0812005765016951,525.6490303817142,592.4360916896037,38.728356778104796,23.386588867496602,0.7194383926410071,0.6182522391672719,0.6088114258048899,0.6612200435729847
9,E3,alpha=0.75,0.75,27,180,0.9388251348586865,1.6073388264407071,0.12012611508351859,0.06409715645737395,445.7188341794215,708.5118796389803,31.30439074843939,17.85993555654032,0.7267005567659163,0.6134107964173323,0.6937787460663277,0.6987412248850158
9,E3,alpha=1.0,1.0,27,180,0.6514005379434378,1.7695160344396852,0.13817045736646746,0.04522478343275377,180.1140753443596,753.5701676402414,14.23325516732112,18.36229615872707,0.44517066085693535,0.6211571048172355,0.8564512224642944,0.649116436698136
10,E1,random_flip,,27,182,1.0369806966421942,1.551956296498799,0.09241623135654466,0.07069753141489635,469.7828184358637,694.1908526776479,30.596999934666787,20.699236267074276,0.6530465949820788,0.6258064516129033,0.6367980884109916,0.6487455197132617
10,E1,gradient_flip,,27,182,2.648791433124034,2.2128213160579873,0.016226290321421043,0.06273937714388154,1093.7591055989085,905.3466686898811,8.420783191992824,15.62406033291306,0.4169653524492234,0.38040621266427715,0.3861409796893668,0.3776583034647551
10,E1,ambiguity_flip,,27,182,0.6500090733576899,2.0371643947280496,0.1448720024255508,0.03987604204386764,168.72475789749728,864.3943605926346,13.138621704016307,16.429750630335402,0.4860215053763441,0.6210274790919952,0.8583034647550777,0.6566308243727599
10,E3,alpha=0.0,0.0,27,182,1.4746051649288243,0.9704275594634597,0.04730172240598464,0.1025872670070658,839.9979528598594,456.3207425476756,29.445522353041643,30.111156469418734,0.5232974910394266,0.5682198327359618,0.27646356033452807,0.4505376344086022
10,E3,alpha=0.25,0.25,27,182,1.2982398630573178,1.244504842416603,0.07096818692906576,0.09080555763790052,683.2636744805145,602.4335611781306,32.90221859118266,24.85651171467573,0.633452807646356,0.5835125448028674,0.4547192353643967,0.5669056152927121
10,E3,alpha=0.5,0.5,27,182,1.31376833888214,1.514833110046331,0.07731795178534144,0.07690429330258318,675.5386521364968,688.4552734016087,28.681429864925317,20.684053783634297,0.6590203106332139,0.5572281959378733,0.5407407407407407,0.5971326164874552
10,E3,alpha=0.75,0.75,27,182,1.0239813941645355,1.7865553236217502,0.09746598546353658,0.0635243137490113,413.08103271042563,781.9077663712903,26.86934050482917,16.95210069423789,0.7290322580645161,0.608363201911589,0.6888888888888889,0.6829151732377539
10,E3,alpha=1.0,1.0,27,182,0.6500090733576899,2.0371643947280496,0.1448720024255508,0.03987604204386764,168.72475789749728,864.3943605926346,13.138621704016307,16.429750630335402,0.4860215053763441,0.6210274790919952,0.8583034647550777,0.6566308243727599
11,E1,random_flip,,26,178,1.2554306753181488,1.3033335911492712,0.0998320446970129,0.07992129207556226,721.6811596933715,616.3449537010022,35.883736065161244,24.712538824646526,0.5824898785425101,0.5812246963562753,0.5270748987854251,0.5679402834008097
11,E1,gradient_flip,,26,178,2.918267696140662,2.049800198890876,0.010567571945315383,0.058904100450341,1338.2963341121358,857.1469358970638,6.834676918140996,16.666689575910624,0.32793522267206476,0.33451417004048584,0.30541497975708504,0.3128795546558704
11,E1,ambiguity_flip,,26,178,0.7982500330639579,1.9133154283968072,0.13036869390061395,0.03833383443298768,223.11234300454777,840.8359403264227,16.35317467189439,16.356319306946574,0.5328947368421053,0.5984311740890689,0.8150303643724697,0.6614372469635628
11,E3,alpha=0.0,0.0,26,178,1.332099519740699,0.938639415724896,0.06528502367069966,0.10189819464967963,780.7611395926235,456.3400117525197,36.929596001683066,32.319339279993194,0.5528846153846154,0.6108299595141701,0.33856275303643724,0.5123987854251012
11,E3,alpha=0.25,0.25,26,178,1.3748638884699578,1.2471316868691087,0.06105762641795179,0.08072921451758856,779.7097033823915,568.9669014255302,30.815991047905534,23.828734621523985,0.632085020242915,0.6573886639676113,0.45167004048583,0.6066548582995951
11,E3,alpha=0.5,0.5,26,178,1.3145111118209685,1.4877822918200847,0.07869059147905062,0.07464782234172467,587.2506375176324,679.1185297088467,26.519965974912324,23.19586725355141,0.5700910931174089,0.4949392712550607,0.5301113360323887,0.5366902834008097
11,E3,alpha=0.75,0.75,26,178,1.0292991594590728,1.5838916286425233,0.09965560693514337,0.059827279893884026,422.94753972304625,688.7103849951537,26.439309274755924,18.722593008138,0.6905364372469636,0.597419028340081,0.680161943319838,0.6725708502024291
11,E3,alpha=1.0,1.0,26,178,0.7982500330639579,1.9133154283968072,0.13036869390061395,0.03833383443298768,223.11234300454777,840.8359403264227,16.35317467189439,16.356319306946574,0.5328947368421053,0.5984311740890689,0.8150303643724697,0.6614372469635628
12,E1,random_flip,,27,180,1.030649401676459,1.3511835557448801,0.10032618844303684,0.07947644861158237,534.4153910028778,635.4635510145824,33.571011336880076,24.145439362771523,0.625756475429678,0.6090534979423868,0.6049382716049383,0.6316872427983539
12,E1,gradient_flip,,27,180,3.282038445126665,2.108405511160121,0.01034789653984884,0.06024948504513942,1444.1052283090612,863.3225350959852,5.671064533525549,15.921585292988688,0.29000242072137494,0.298959089808763,0.2946017913338175,0.2822561123214718
12,E1,ambiguity_flip,,27,180,0.827205890468789,1.8567755805869217,0.13100880957675548,0.04165294577505094,213.45136896058742,811.6057812069084,13.63593538332557,17.03167813829606,0.4439603001694505,0.5570079883805374,0.7877027354151537,0.5959816025175503
12,E3,alpha=0.0,0.0,27,180,1.4389361786638561,0.8627171637251326,0.05052795331620441,0.11217759241056768,816.9255791818085,435.7732333934225,30.956212598273048,33.82867560137939,0.46114742193173563,0.5388525780682644,0.24739772452190753,0.39578794480755264
12,E3,alpha=0.25,0.25,27,180,1.2843719975336827,1.1372861112784327,0.07376813245747318,0.09562554171550323,710.706409780946,550.9844138886282,32.48761101642548,27.237346301554787,0.579762769305253,0.5996126845800048,0.4466230936819172,0.5497458242556281
12,E3,alpha=0.5,0.5,27,180,1.493639543608687,1.4509370960880312,0.05575143826165121,0.07488409389357077,741.4717406922747,651.8025246212035,24.050346853303264,20.98203275312387,0.5688695231178892,0.5446623093681917,0.46744129750665697,0.5202130234809973
12,E3,alpha=0.75,0.75,27,180,0.9251680071404652,1.5146535096518103,0.11034019400591799,0.0702343664595304,388.8142089008546,707.0992027867771,27.44138242456933,20.7232034220106,0.6678770273541516,0.5807310578552408,0.6845800048414428,0.6612200435729847
12,E3,alpha=1.0,1.0,27,180,0.827205890468789,1.8567755805869217,0.13100880957675548,0.04165294577505094,213.45136896058742,811.6057812069084,13.63593538332557,17.03167813829606,0.4439603001694505,0.5570079883805374,0.7877027354151537,0.5959816025175503
13,E1,random_flip,,26,177,1.1796820710125246,1.2933035976816085,0.07923674049526098,0.08172345159849556,623.6672144203874,564.519808667377,31.275534217102752,22.401144486906333,0.6665817626082526,0.6128374936321956,0.5287824758023434,0.6166581762608253
13,E1,gradient_flip,,26,177,2.99829314609052,1.7510010757989902,0.010150866549022182,0.07274744201448768,1473.2962837294522,692.3958641992475,5.6585892820923,18.19302282295252,0.24707080998471728,0.2898624554253693,0.22134488028527763,0.23191543555781965
13,E1,ambiguity_flip,,26,177,0.7292036142101261,1.7974901975980346,0.13589150144600773,0.04569879463679793,202.91464364694988,737.8587507700595,12.716768687331998,16.898366159844095,0.4276617422312787,0.5797249108507386,0.8031074885379521,0.6020122261844116
13,E3,alpha=0.0,0.0,26,177,1.5061495179017115,0.867509917005933,0.05761182159165042,0.10957410187901227,862.2627661827493,418.54941262527126,33.977634354809965,31.12494236375105,0.5076413652572593,0.6253183902190524,0.2682119205298013,0.46701477330616403
13,E3,alpha=0.25,0.25,26,177,1.3548135159629962,1.1638834892481655,0.07177041479787721,0.09549824622507933,776.7302373385135,538.9205133314277,31.336648849938204,25.251109844313856,0.6029037187977585,0.6597045338767193,0.4396332144676516,0.5686449312277126
13,E3,alpha=0.5,0.5,26,177,1.2256675583316317,1.3297799159613355,0.07778323711441776,0.07789805716578287,552.4914471447785,568.5671831329201,27.68809042783617,20.779627523530326,0.6472236372898624,0.5568008150789607,0.5308201732042792,0.5930973000509424
13,E3,alpha=0.75,0.75,26,177,0.9188192427210459,1.4874545270072532,0.10660807171165586,0.0678024574881022,353.3260658236449,656.2895757905009,26.230542794234335,19.01703633014285,0.6996943453897096,0.6248089658685685,0.6831380539989812,0.7005858380030565
13,E3,alpha=1.0,1.0,26,177,0.7292036142101261,1.7974901975980346,0.13589150144600773,0.04569879463679793,202.91464364694988,737.8587507700595,12.716768687331998,16.898366159844095,0.4276617422312787,0.5797249108507386,0.8031074885379521,0.6020122261844116
14,E1,random_flip,,26,179,0.9966530056489162,1.4321556558118271,0.09413985357062614,0.07397942190308654,484.44695820811387,652.3745664940934,34.80884275227373,21.91478479448743,0.6503267973856209,0.6503267973856209,0.6216691804927099,0.6491955756661639
14,E1,gradient_flip,,26,179,2.393897109371643,1.2997207938163382,0.01917549015944476,0.08613280376806556,1161.0133576846215,596.0949738881033,12.073914949897299,23.530915685024603,0.30040221216691804,0.3441427853192559,0.2174459527400704,0.2777777777777778
14,E1,ambiguity_flip,,26,179,0.8472975442727395,1.9752469182294832,0.12356273412741198,0.03790249844226437,206.26893052355217,845.3616889539013,11.624312618877997,15.72299561142297,0.43790849673202614,0.599798893916541,0.8049270990447461,0.621543489190548
14,E3,alpha=0.0,0.0,26,179,1.4274796241091414,0.9164227493474112,0.05133344550043732,0.10870394763525282,806.6692360212177,454.30605100657453,31.513735383388436,31.802549688906048,0.5098039215686274,0.6143790849673203,0.28456510809451985,0.4722222222222222
14,E3,alpha=0.25,0.25,26,179,1.3161154970242137,1.1975650501028041,0.06671944386016024,0.09175793177917826,749.4109254358414,570.4941630880954,34.35794258672715,25.91536073743225,0.6458019105077929,0.6339869281045751,0.4374057315233786,0.5820764203117145
14,E3,alpha=0.5,0.5,26,179,1.3180902799146021,1.468710522354641,0.07287104072425345,0.07349196401923963,580.4943400216105,670.3262815324977,27.58859629990599,20.495630061035342,0.6176470588235294,0.5329311211664153,0.5294117647058824,0.5652337858220211
14,E3,alpha=0.75,0.75,26,179,1.2281811766383561,1.6852017010429636,0.09408901170094719,0.06434066737926772,504.8221801270885,748.1248342418069,24.10415423685119,17.67996190265977,0.6390145801910507,0.5487682252388135,0.6359979889391654,0.6173956762192057
14,E3,alpha=1.0,1.0,26,179,0.8472975442727395,1.9752469182294832,0.12356273412741198,0.03790249844226437,206.26893052355217,845.3616889539013,11.624312618877997,15.72299561142297,0.43790849673202614,0.599798893916541,0.8049270990447461,0.621543489190548
15,E1,random_flip,,27,181,1.1886076254456848,1.287253453377385,0.08302020360269831,0.07985201443045367,601.2786818259336,591.9019261535042,31.055424638306963,23.93821222000158,0.5923520923520924,0.5435305435305435,0.5654160654160654,0.5661375661375662
15,E1,gradient_flip,,27,181,3.0980508701095055,2.2240371305305824,0.007523767598172155,0.055180715135675636,1257.804642112785,884.3011899775646,4.932672564697175,13.70541472487825,0.30447330447330445,0.28595478595478596,0.28619528619528617,0.2804232804232804
15,E1,ambiguity_flip,,27,181,0.728191488789455,1.8543244158195304,0.15079346606015367,0.045592091732434836,208.49043642304773,790.062446942297,15.894602660111937,18.62230603300087,0.4894179894179894,0.5998075998075998,0.8172198172198172,0.6525974025974026
15,E3,alpha=0.0,0.0,27,181,1.5132769379157198,0.9270509578598013,0.04923551122909817,0.10682295586441598,838.0334132697923,451.63058139841894,29.65319153848368,32.284203324277996,0.45574795574795574,0.5406445406445406,0.24579124579124578,0.40175565175565175
15,E3,alpha=0.25,0.25,27,181,1.450716143023225,1.2168415113125843,0.05620304386176868,0.08755872515135489,765.8304456750602,563.0486232003132,28.97335731153753,25.048427566403493,0.5670995670995671,0.5339105339105339,0.3864838864838865,0.49158249158249157
15,E3,alpha=0.5,0.5,27,181,1.3184394346500625,1.46686467402236,0.0850395857258144,0.07446057786741932,641.20644662427,658.9128525225258,27.17231584736242,22.082127058128602,0.5976430976430976,0.5048100048100048,0.5478595478595478,0.5591630591630592
15,E3,alpha=0.75,0.75,27,181,1.0715788142389453,1.6260591500907668,0.09144582695040933,0.06254786410335532,480.79338578935784,715.6775249992138,28.186951335456794,17.392695071027973,0.7258297258297258,0.6491101491101491,0.6570466570466571,0.6968494468494468
15,E3,alpha=1.0,1.0,27,181,0.728191488789455,1.8543244158195304,0.15079346606015367,0.045592091732434836,208.49043642304773,790.062446942297,15.894602660111937,18.62230603300087,0.4894179894179894,0.5998075998075998,0.8172198172198172,0.6525974025974026
16,E1,random_flip,,27,183,1.4569731644693857,1.3733018189536177,0.06545708275410259,0.07610121807259314,733.5508726752262,604.0012359492973,24.128627419425793,23.247311679942076,0.5275403608736942,0.5035612535612536,0.48836657169990505,0.5037986704653371
16,E1,gradient_flip,,27,183,2.968685969740097,1.9780484593483947,0.009771863452243432,0.06095513107065468,1144.2936225732808,826.4206351966628,5.796957678858901,16.66434111871442,0.2962962962962963,0.2609211775878443,0.28941120607787274,0.2702991452991453
16,E1,ambiguity_flip,,27,183,0.8050736930494606,1.7746963695953504,0.12503759414679635,0.04380998510310304,196.66293402511317,768.904728173476,13.866583586216384,18.83075019721245,0.41856600189933524,0.5446343779677113,0.7960588793922128,0.5821462488129154
16,E3,alpha=0.0,0.0,27,183,1.467439748817084,0.8574181441703542,0.051562923562431355,0.11138353705219671,828.0586802844917,433.21481489795343,30.52987574966028,35.21214588806702,0.44776828110161443,0.5349002849002849,0.2409781576448243,0.3936372269705603
16,E3,alpha=0.25,0.25,27,183,1.3418400646840152,1.1470517941782323,0.06802675217558299,0.09453039734587947,761.2855513516015,544.0940258263425,31.75703761847097,27.88030844942699,0.5664767331433999,0.5068850902184235,0.42830009496676164,0.5060541310541311
16,E3,alpha=0.5,0.5,27,183,1.3793348067685909,1.401796703533203,0.07333265305819602,0.07714758971204405,637.5576055597425,631.965864911552,27.689114834046812,22.766999033529764,0.5600664767331434,0.4681861348528015,0.4855175688509022,0.5030864197530864
16,E3,alpha=0.75,0.75,27,183,1.1357007726012165,1.554510782144348,0.08912814490523818,0.06734117335089682,459.17893634271786,694.6600463134048,24.897162056185948,19.71818392892251,0.6272554605887939,0.5641025641025641,0.6239316239316239,0.6095679012345679
16,E3,alpha=1.0,1.0,27,183,0.8050736930494606,1.7746963695953504,0.12503759414679635,0.04380998510310304,196.66293402511317,768.904728173476,13.866583586216384,18.83075019721245,0.41856600189933524,0.5446343779677113,0.7960588793922128,0.5821462488129154
17,E1,random_flip,,27,182,1.2134027933092282,1.3858935864009092,0.0892086670425402,0.07535850333126003,685.6715100617465,603.8842133648934,31.75802274442485,21.494793061176384,0.6461170848267622,0.6580645161290323,0.5553166069295101,0.6340501792114696
17,E1,gradient_flip,,27,182,2.3149077340997417,1.3106532005652969,0.022794891392170162,0.07860893268951741,1159.7394563674502,576.1170909475928,13.634851732721105,21.044393420094792,0.3333333333333333,0.4045400238948626,0.22652329749103942,0.310752688172043
17,E1,ambiguity_flip,,27,182,0.8165661973053284,1.8957298204342403,0.14306412117639403,0.037043963039210544,236.2979158619008,783.7901328157698,12.146338586360187,14.98012302262121,0.45639187574671447,0.6592592592592592,0.8315412186379928,0.6520908004778972
17,E3,alpha=0.0,0.0,27,182,1.4133488978865527,0.9904361314652207,0.058822821666959596,0.09842649497292273,817.099896940405,458.9580165825881,31.97189525605408,28.574532475613818,0.5675029868578255,0.6332138590203107,0.32951015531660693,0.5150537634408602
17,E3,alpha=0.25,0.25,27,182,1.2733452485745345,1.2336601929317579,0.07141691115942404,0.08883151959942152,713.1667225959167,550.5702875152456,33.90108109417484,23.86753011128721,0.6635603345280765,0.6908004778972521,0.4661887694145759,0.6158900836320191
17,E3,alpha=0.5,0.5,27,182,1.1408024011695967,1.38307261716718,0.0860369251240649,0.07692264711853329,596.8544234177579,618.1860399802764,34.45027785606102,20.317284847639147,0.7144563918757467,0.6673835125448029,0.5708482676224612,0.6666666666666666
17,E3,alpha=0.75,0.75,27,182,0.9365519494112847,1.6052005984138,0.11977787523830176,0.06664007030616692,391.90419343724784,700.2243265637792,27.74759627186998,18.36533369501739,0.7027479091995221,0.6038231780167264,0.6965352449223416,0.6953405017921147
17,E3,alpha=1.0,1.0,27,182,0.8165661973053284,1.8957298204342403,0.14306412117639403,0.037043963039210544,236.2979158619008,783.7901328157698,12.146338586360187,14.98012302262121,0.45639187574671447,0.6592592592592592,0.8315412186379928,0.6520908004778972
18,E1,random_flip,,26,177,1.1323443546467957,1.3932788406164403,0.10352412322725012,0.07216480254957064,592.1992326084991,608.3264912792596,34.43348848057331,22.017612992265335,0.6186958736627611,0.5807437595517065,0.6062149770759042,0.6153846153846154
18,E1,gradient_flip,,26,177,3.118622745612854,1.9925243325985955,0.010514578671258509,0.058776845197384846,1476.7596723334163,775.6785548526818,6.49711664664505,15.291959581852224,0.30947529291900155,0.31456953642384106,0.28094752929190014,0.2920275089149261
18,E1,ambiguity_flip,,26,177,0.6296404379755803,1.8260974820119724,0.1479244163410765,0.03799168376936902,186.62137309608366,749.8373543273077,16.914223503678098,16.300884031082326,0.5275089149261335,0.6332144676515538,0.8713703515028018,0.6854304635761589
18,E3,alpha=0.0,0.0,26,177,1.3839350296182138,0.9469272422829019,0.055066973246274624,0.10422595390883643,782.603073762358,446.96104980205837,33.57222410620788,30.729018902248242,0.5537442689760571,0.6930718288334182,0.31788079470198677,0.5320937340804891
18,E3,alpha=0.25,0.25,26,177,1.252574812350129,1.245824140680329,0.07470893026426778,0.08767526845055099,675.1074391022537,572.7081140266963,32.80714616696712,25.252319876730194,0.6174223127865512,0.6594498217014774,0.467651553744269,0.5766683647478349
18,E3,alpha=0.5,0.5,26,177,1.0875901944467048,1.396774632703228,0.09929039372650933,0.07180490794103488,552.758615140099,607.3851296896377,32.72843987320207,21.20221538660232,0.6808456444218034,0.6029037187977585,0.5937340804890474,0.6343606724401426
18,E3,alpha=0.75,0.75,26,177,0.9190719031133383,1.5728219328284598,0.12491116826571631,0.06136379180235653,422.90073276576936,681.2128849118624,28.16478450070238,18.582754295386017,0.7198166072338258,0.6258278145695364,0.7045338767193072,0.7041518084564442
18,E3,alpha=1.0,1.0,26,177,0.6296404379755803,1.8260974820119724,0.1479244163410765,0.03799168376936902,186.62137309608366,749.8373543273077,16.914223503678098,16.300884031082326,0.5275089149261335,0.6332144676515538,0.8713703515028018,0.6854304635761589
19,E1,random_flip,,26,175,1.2476334759533676,1.4729909483309966,0.07697601964142545,0.06691267227375106,537.6355999516308,629.2013849940711,25.351746522572135,19.27542058912419,0.5524006195147134,0.5815694372741352,0.5482705214248839,0.5582085699535364
19,E1,gradient_flip,,26,175,2.921954438293336,2.0082535938145254,0.008603390799217254,0.06508655680024855,1370.1059842376537,828.1025187483336,5.822585931963756,15.218825061512268,0.3242127000516262,0.2999483737738771,0.29556014455343316,0.28742901393908105
19,E1,ambiguity_flip,,26,175,0.5926644425154628,1.9209652805500976,0.14857188627458473,0.03868166370244213,156.27214244856668,815.923128678838,14.47971375250604,15.405761823536157,0.5196179659266907,0.6997934950955085,0.8879710893133712,0.7221218378936499
19,E3,alpha=0.0,0.0,26,175,1.2363520250263522,0.9541652128519125,0.0692863822133713,0.10393635937920165,706.1486765175151,456.54522870135145,37.70217423832635,29.697747217402053,0.62751677852349,0.7803304078471863,0.3678368611254517,0.6161590087764585
19,E3,alpha=0.25,0.25,26,175,1.193467913516464,1.2122083871450646,0.09227487947073858,0.09148598251409298,742.5592424354547,555.5067752939848,38.439168381646525,24.07401094535232,0.6770779556014456,0.6917914300464636,0.4981930820856995,0.6289364997418688
19,E3,alpha=0.5,0.5,26,175,1.3697793354683152,1.4722943274213398,0.07836421003726522,0.07042823606706937,651.3632819173635,636.9462917204559,28.98114404083802,18.397148504654027,0.6122870418172431,0.5756324212700051,0.5229736706246774,0.5752452245740837
19,E3,alpha=0.75,0.75,26,175,0.9319363716073479,1.657955578335707,0.11964797444991158,0.06079427276863068,404.4765757392334,713.9439956943761,26.712921187386463,16.13902428807552,0.7413526071244192,0.6471347444501807,0.7186370676303562,0.7201858544140424
19,E3,alpha=1.0,1.0,26,175,0.5926644425154628,1.9209652805500976,0.14857188627458473,0.03868166370244213,156.27214244856668,815.923128678838,14.47971375250604,15.405761823536157,0.5196179659266907,0.6997934950955085,0.8879710893133712,0.7221218378936499
