seed,attack,detector,auroc,precision_at_budget
0,random_flip,self_influence,0.6238461538461538,0.15384615384615385
0,random_flip,cross_fit,0.6115384615384616,0.19230769230769232
0,random_flip,training_dynamics,0.6538461538461539,0.2692307692307692
0,random_flip,ensemble,0.6410256410256411,0.23076923076923078
0,gradient_flip,self_influence,0.31666666666666665,0.0
0,gradient_flip,cross_fit,0.3082051282051282,0.0
0,gradient_flip,training_dynamics,0.2969230769230769,0.0
0,gradient_flip,ensemble,0.29205128205128206,0.0
0,ambiguity_flip,self_influence,0.4828205128205128,0.15384615384615385
0,ambiguity_flip,cross_fit,0.6328205128205128,0.038461538461538464
0,ambiguity_flip,training_dynamics,0.8146153846153846,0.5384615384615384
0,ambiguity_flip,ensemble,0.6623076923076923,0.15384615384615385
1,random_flip,self_influence,0.5539989811512991,0.19230769230769232
1,random_flip,cross_fit,0.6604686704024453,0.23076923076923078
1,random_flip,training_dynamics,0.5904228222109017,0.2692307692307692
1,random_flip,ensemble,0.619587366276108,0.19230769230769232
1,gradient_flip,self_influence,0.3053998981151299,0.0
1,gradient_flip,cross_fit,0.3127865511971472,0.038461538461538464
1,gradient_flip,training_dynamics,0.25776872134488027,0.0
1,gradient_flip,ensemble,0.27457972491085075,0.0
1,ambiguity_flip,self_influence,0.4108507386653082,0.0
1,ambiguity_flip,cross_fit,0.609016811003566,0.0
1,ambiguity_flip,training_dynamics,0.8028527763627101,0.5384615384615384
1,ambiguity_flip,ensemble,0.619587366276108,0.07692307692307693
2,random_flip,self_influence,0.5478092471556524,0.14814814814814814
2,random_flip,cross_fit,0.5654805131929315,0.2222222222222222
2,random_flip,training_dynamics,0.5102880658436214,0.14814814814814814
2,random_flip,ensemble,0.5405470830307432,0.14814814814814814
2,gradient_flip,self_influence,0.31251512950859356,0.0
2,gradient_flip,cross_fit,0.3202614379084967,0.037037037037037035
2,gradient_flip,training_dynamics,0.29000242072137494,0.0
2,gradient_flip,ensemble,0.294480755265069,0.0
2,ambiguity_flip,self_influence,0.4442023723069475,0.0
2,ambiguity_flip,cross_fit,0.5899297990801259,0.07407407407407407
2,ambiguity_flip,training_dynamics,0.8213507625272332,0.5555555555555556
2,ambiguity_flip,ensemble,0.6223674655047204,0.1111111111111111
3,random_flip,self_influence,0.6780440571290245,0.37037037037037035
3,random_flip,cross_fit,0.6681190994916485,0.3333333333333333
3,random_flip,training_dynamics,0.6364076494795449,0.18518518518518517
3,random_flip,ensemble,0.6762285160977971,0.37037037037037035
3,gradient_flip,self_influence,0.307915758896151,0.037037037037037035
3,gradient_flip,cross_fit,0.3309126119583636,0.07407407407407407
3,gradient_flip,training_dynamics,0.23698862260953765,0.0
3,gradient_flip,ensemble,0.28177196804647786,0.037037037037037035
3,ambiguity_flip,self_influence,0.5318324860808521,0.07407407407407407
3,ambiguity_flip,cross_fit,0.6194625998547567,0.037037037037037035
3,ambiguity_flip,training_dynamics,0.8344226579520697,0.5185185185185185
3,ambiguity_flip,ensemble,0.667513919147906,0.14814814814814814
4,random_flip,self_influence,0.6431623931623932,0.3333333333333333
4,random_flip,cross_fit,0.6068376068376068,0.2222222222222222
4,random_flip,training_dynamics,0.6201329534662868,0.18518518518518517
4,random_flip,ensemble,0.6306980056980057,0.3333333333333333
4,gradient_flip,self_influence,0.24287749287749288,0.0
4,gradient_flip,cross_fit,0.2345679012345679,0.037037037037037035
4,gradient_flip,training_dynamics,0.17663817663817663,0.0
4,gradient_flip,ensemble,0.1981244064577398,0.0
4,ambiguity_flip,self_influence,0.43874643874643876,0.1111111111111111
4,ambiguity_flip,cross_fit,0.5638651471984806,0.037037037037037035
4,ambiguity_flip,training_dynamics,0.7989078822412156,0.48148148148148145
4,ambiguity_flip,ensemble,0.606718898385565,0.14814814814814814
5,random_flip,self_influence,0.5845644421803362,0.2692307692307692
5,random_flip,cross_fit,0.5980641874681609,0.11538461538461539
5,random_flip,training_dynamics,0.6268466632705043,0.23076923076923078
5,random_flip,ensemble,0.6273560876209883,0.23076923076923078
5,gradient_flip,self_influence,0.3010697911360163,0.07692307692307693
5,gradient_flip,cross_fit,0.2850229240957718,0.11538461538461539
5,gradient_flip,training_dynamics,0.20249617931737138,0.0
5,gradient_flip,ensemble,0.2401935812531839,0.038461538461538464
5,ambiguity_flip,self_influence,0.48955680081507896,0.038461538461538464
5,ambiguity_flip,cross_fit,0.6342333163525217,0.0
5,ambiguity_flip,training_dynamics,0.8362200713194091,0.5384615384615384
5,ambiguity_flip,ensemble,0.6709118695873663,0.07692307692307693
6,random_flip,self_influence,0.5317460317460317,0.14814814814814814
6,random_flip,cross_fit,0.5276575276575276,0.14814814814814814
6,random_flip,training_dynamics,0.544973544973545,0.2222222222222222
6,random_flip,ensemble,0.5334295334295335,0.2222222222222222
6,gradient_flip,self_influence,0.335978835978836,0.037037037037037035
6,gradient_flip,cross_fit,0.3164983164983165,0.037037037037037035
6,gradient_flip,training_dynamics,0.3179413179413179,0.0
6,gradient_flip,ensemble,0.31625781625781624,0.0
6,ambiguity_flip,self_influence,0.48508898508898507,0.037037037037037035
6,ambiguity_flip,cross_fit,0.6132756132756133,0.07407407407407407
6,ambiguity_flip,training_dynamics,0.79004329004329,0.5555555555555556
6,ambiguity_flip,ensemble,0.6421356421356421,0.14814814814814814
7,random_flip,self_influence,0.5882051282051282,0.23076923076923078
7,random_flip,cross_fit,0.5428205128205128,0.11538461538461539
7,random_flip,training_dynamics,0.6338461538461538,0.2692307692307692
7,random_flip,ensemble,0.6012820512820513,0.23076923076923078
7,gradient_flip,self_influence,0.25051282051282053,0.0
7,gradient_flip,cross_fit,0.31025641025641026,0.038461538461538464
7,gradient_flip,training_dynamics,0.17256410256410257,0.0
7,gradient_flip,ensemble,0.2255128205128205,0.0
7,ambiguity_flip,self_influence,0.5184615384615384,0.07692307692307693
7,ambiguity_flip,cross_fit,0.587948717948718,0.038461538461538464
7,ambiguity_flip,training_dynamics,0.8220512820512821,0.5384615384615384
7,ambiguity_flip,ensemble,0.6533333333333333,0.23076923076923078
8,random_flip,self_influence,0.6251885369532428,0.23076923076923078
8,random_flip,cross_fit,0.663901458019105,0.23076923076923078
8,random_flip,training_dynamics,0.5206133735545501,0.11538461538461539
8,random_flip,ensemble,0.6040723981900452,0.19230769230769232
8,gradient_flip,self_influence,0.34338863750628457,0.038461538461538464
8,gradient_flip,cross_fit,0.334841628959276,0.038461538461538464
8,gradient_flip,training_dynamics,0.3273001508295626,0.0
8,gradient_flip,ensemble,0.31862745098039214,0.0
8,ambiguity_flip,self_influence,0.5356963298139769,0.07692307692307693
8,ambiguity_flip,cross_fit,0.652589240824535,0.038461538461538464
8,ambiguity_flip,training_dynamics,0.879587732528909,0.5769230769230769
8,ambiguity_flip,ensemble,0.7062594268476622,0.15384615384615385
9,random_flip,self_influence,0.6025175502299686,0.2962962962962963
9,random_flip,cross_fit,0.5739530380053256,0.25925925925925924
9,random_flip,training_dynamics,0.5681433067053983,0.2222222222222222
9,random_flip,ensemble,0.5888404744613895,0.25925925925925924
9,gradient_flip,self_influence,0.23916727184701042,0.0
9,gradient_flip,cross_fit,0.2038247397724522,0.037037037037037035
9,gradient_flip,training_dynamics,0.1568627450980392,0.0
9,gradient_flip,ensemble,0.1757443718228032,0.0
9,ambiguity_flip,self_influence,0.44517066085693535,0.07407407407407407
9,ambiguity_flip,cross_fit,0.6211571048172355,0.0
9,ambiguity_flip,training_dynamics,0.8564512224642944,0.6296296296296297
9,ambiguity_flip,ensemble,0.649116436698136,0.07407407407407407
10,random_flip,self_influence,0.6530465949820788,0.18518518518518517
10,random_flip,cross_fit,0.6258064516129033,0.2222222222222222
10,random_flip,training_dynamics,0.6367980884109916,0.14814814814814814
10,random_flip,ensemble,0.6487455197132617,0.2222222222222222
10,gradient_flip,self_influence,0.4169653524492234,0.0
10,gradient_flip,cross_fit,0.38040621266427715,0.037037037037037035
10,gradient_flip,training_dynamics,0.3861409796893668,0.0
10,gradient_flip,ensemble,0.3776583034647551,0.0
10,ambiguity_flip,self_influence,0.4860215053763441,0.037037037037037035
10,ambiguity_flip,cross_fit,0.6210274790919952,0.0
10,ambiguity_flip,training_dynamics,0.8583034647550777,0.5925925925925926
10,ambiguity_flip,ensemble,0.6566308243727599,0.1111111111111111
11,random_flip,self_influence,0.5824898785425101,0.3076923076923077
11,random_flip,cross_fit,0.5812246963562753,0.3076923076923077
11,random_flip,training_dynamics,0.5270748987854251,0.23076923076923078
11,random_flip,ensemble,0.5679402834008097,0.3076923076923077
11,gradient_flip,self_influence,0.32793522267206476,0.0
11,gradient_flip,cross_fit,0.33451417004048584,0.0
11,gradient_flip,training_dynamics,0.30541497975708504,0.0
11,gradient_flip,ensemble,0.3128795546558704,0.0
11,ambiguity_flip,self_influence,0.5328947368421053,0.11538461538461539
11,ambiguity_flip,cross_fit,0.5984311740890689,0.038461538461538464
11,ambiguity_flip,training_dynamics,0.8150303643724697,0.5384615384615384
11,ambiguity_flip,ensemble,0.6614372469635628,0.19230769230769232
12,random_flip,self_influence,0.625756475429678,0.3333333333333333
12,random_flip,cross_fit,0.6090534979423868,0.25925925925925924
12,random_flip,training_dynamics,0.6049382716049383,0.18518518518518517
12,random_flip,ensemble,0.6316872427983539,0.2962962962962963
12,gradient_flip,self_influence,0.29000242072137494,0.0
12,gradient_flip,cross_fit,0.298959089808763,0.037037037037037035
12,gradient_flip,training_dynamics,0.2946017913338175,0.0
12,gradient_flip,ensemble,0.2822561123214718,0.0
12,ambiguity_flip,self_influence,0.4439603001694505,0.07407407407407407
12,ambiguity_flip,cross_fit,0.5570079883805374,0.037037037037037035
12,ambiguity_flip,training_dynamics,0.7877027354151537,0.5555555555555556
12,ambiguity_flip,ensemble,0.5959816025175503,0.14814814814814814
13,random_flip,self_influence,0.6665817626082526,0.2692307692307692
13,random_flip,cross_fit,0.6128374936321956,0.15384615384615385
13,random_flip,training_dynamics,0.5287824758023434,0.11538461538461539
13,random_flip,ensemble,0.6166581762608253,0.23076923076923078
13,gradient_flip,self_influence,0.24707080998471728,0.0
13,gradient_flip,cross_fit,0.2898624554253693,0.038461538461538464
13,gradient_flip,training_dynamics,0.22134488028527763,0.0
13,gradient_flip,ensemble,0.23191543555781965,0.0
13,ambiguity_flip,self_influence,0.4276617422312787,0.0
13,ambiguity_flip,cross_fit,0.5797249108507386,0.0
13,ambiguity_flip,training_dynamics,0.8031074885379521,0.5
13,ambiguity_flip,ensemble,0.6020122261844116,0.07692307692307693
14,random_flip,self_influence,0.6503267973856209,0.2692307692307692
14,random_flip,cross_fit,0.6503267973856209,0.23076923076923078
14,random_flip,training_dynamics,0.6216691804927099,0.15384615384615385
14,random_flip,ensemble,0.6491955756661639,0.23076923076923078
14,gradient_flip,self_influence,0.30040221216691804,0.0
14,gradient_flip,cross_fit,0.3441427853192559,0.07692307692307693
14,gradient_flip,training_dynamics,0.2174459527400704,0.0
14,gradient_flip,ensemble,0.2777777777777778,0.0
14,ambiguity_flip,self_influence,0.43790849673202614,0.07692307692307693
14,ambiguity_flip,cross_fit,0.599798893916541,0.038461538461538464
14,ambiguity_flip,training_dynamics,0.8049270990447461,0.5384615384615384
14,ambiguity_flip,ensemble,0.621543489190548,0.15384615384615385
15,random_flip,self_influence,0.5923520923520924,0.14814814814814814
15,random_flip,cross_fit,0.5435305435305435,0.2222222222222222
15,random_flip,training_dynamics,0.5654160654160654,0.07407407407407407
15,random_flip,ensemble,0.5661375661375662,0.14814814814814814
15,gradient_flip,self_influence,0.30447330447330445,0.0
15,gradient_flip,cross_fit,0.28595478595478596,0.0
15,gradient_flip,training_dynamics,0.28619528619528617,0.0
15,gradient_flip,ensemble,0.2804232804232804,0.0
15,ambiguity_flip,self_influence,0.4894179894179894,0.1111111111111111
15,ambiguity_flip,cross_fit,0.5998075998075998,0.037037037037037035
15,ambiguity_flip,training_dynamics,0.8172198172198172,0.5925925925925926
15,ambiguity_flip,ensemble,0.6525974025974026,0.18518518518518517
16,random_flip,self_influence,0.5275403608736942,0.14814814814814814
16,random_flip,cross_fit,0.5035612535612536,0.14814814814814814
16,random_flip,training_dynamics,0.48836657169990505,0.07407407407407407
16,random_flip,ensemble,0.5037986704653371,0.1111111111111111
16,gradient_flip,self_influence,0.2962962962962963,0.0
16,gradient_flip,cross_fit,0.2609211775878443,0.037037037037037035
16,gradient_flip,training_dynamics,0.28941120607787274,0.0
16,gradient_flip,ensemble,0.2702991452991453,0.0
16,ambiguity_flip,self_influence,0.41856600189933524,0.07407407407407407
16,ambiguity_flip,cross_fit,0.5446343779677113,0.0
16,ambiguity_flip,training_dynamics,0.7960588793922128,0.4444444444444444
16,ambiguity_flip,ensemble,0.5821462488129154,0.1111111111111111
17,random_flip,self_influence,0.6461170848267622,0.2962962962962963
17,random_flip,cross_fit,0.6580645161290323,0.2962962962962963
17,random_flip,training_dynamics,0.5553166069295101,0.18518518518518517
17,random_flip,ensemble,0.6340501792114696,0.25925925925925924
17,gradient_flip,self_influence,0.3333333333333333,0.07407407407407407
17,gradient_flip,cross_fit,0.4045400238948626,0.2222222222222222
17,gradient_flip,training_dynamics,0.22652329749103942,0.0
17,gradient_flip,ensemble,0.310752688172043,0.07407407407407407
17,ambiguity_flip,self_influence,0.45639187574671447,0.07407407407407407
17,ambiguity_flip,cross_fit,0.6592592592592592,0.07407407407407407
17,ambiguity_flip,training_dynamics,0.8315412186379928,0.5555555555555556
17,ambiguity_flip,ensemble,0.6520908004778972,0.14814814814814814
18,random_flip,self_influence,0.6186958736627611,0.38461538461538464
18,random_flip,cross_fit,0.5807437595517065,0.3076923076923077
18,random_flip,training_dynamics,0.6062149770759042,0.2692307692307692
18,random_flip,ensemble,0.6153846153846154,0.34615384615384615
18,gradient_flip,self_influence,0.30947529291900155,0.038461538461538464
18,gradient_flip,cross_fit,0.31456953642384106,0.07692307692307693
18,gradient_flip,training_dynamics,0.28094752929190014,0.0
18,gradient_flip,ensemble,0.2920275089149261,0.038461538461538464
18,ambiguity_flip,self_influence,0.5275089149261335,0.11538461538461539
18,ambiguity_flip,cross_fit,0.6332144676515538,0.11538461538461539
18,ambiguity_flip,training_dynamics,0.8713703515028018,0.5769230769230769
18,ambiguity_flip,ensemble,0.6854304635761589,0.2692307692307692
19,random_flip,self_influence,0.5524006195147134,0.19230769230769232
19,random_flip,cross_fit,0.5815694372741352,0.19230769230769232
19,random_flip,training_dynamics,0.5482705214248839,0.19230769230769232
19,random_flip,ensemble,0.5582085699535364,0.19230769230769232
19,gradient_flip,self_influence,0.3242127000516262,0.0
19,gradient_flip,cross_fit,0.2999483737738771,0.0
19,gradient_flip,training_dynamics,0.29556014455343316,0.0
19,gradient_flip,ensemble,0.28742901393908105,0.0
19,ambiguity_flip,self_influence,0.5196179659266907,0.11538461538461539
19,ambiguity_flip,cross_fit,0.6997934950955085,0.11538461538461539
19,ambiguity_flip,training_dynamics,0.8879710893133712,0.5384615384615384
19,ambiguity_flip,ensemble,0.7221218378936499,0.19230769230769232
