seed,k,k_applied,is_budget_depth,n_train,n_holdout,budget,n_retained,poisoned_removed,clean_removed,poisoned_surviving,precision_of_removal,acc_full_clean,acc_unsafe,acc_remediated,acc_matched_clean_cf,logloss_full_clean,logloss_unsafe,logloss_remediated,logloss_matched_clean_cf,acc_gap_remed_minus_matched,acc_gap_remed_minus_unsafe,composition_cost,pred_disagree_vs_matched,pred_disagree_vs_unsafe,pred_disagree_vs_oracle,mcnemar_b01,mcnemar_b10,mcnemar_discordant_b01_b10,mcnemar_p,theta_dist_to_matched,theta_dist_to_full_oracle,theta_dist_matched_to_full_oracle,holdout_margin_L2_to_matched,holdout_margin_maxabs_to_matched,holdout_prob_L1_to_matched
0,5,5,False,176,90,26,171,5,0,21,1.0,0.6,0.5777777777777777,0.5666666666666667,0.6222222222222222,0.6730835839727335,0.7319324876415979,0.7364629730376666,0.6740721500968747,-0.05555555555555558,-0.011111111111111072,-0.022222222222222254,11,1,11,8,3,8/3,0.2265625,27.642366434809734,27.10224645102421,4.601433437104644,7.176328860622949,2.361807490994982,0.07813999252805055
0,10,10,False,176,90,26,166,9,1,17,0.9,0.6,0.5777777777777777,0.5777777777777777,0.6,0.6730835839727335,0.7319324876415979,0.7479035035607885,0.6999289620681773,-0.022222222222222254,0.0,0.0,12,2,12,7,5,7/5,0.7744140625,28.034512002210864,28.055332761851286,7.174701907769729,7.690371663995252,2.463869761092722,0.08313607931399801
0,15,15,False,176,90,26,161,11,4,15,0.7333333333333333,0.6,0.5777777777777777,0.5888888888888889,0.5888888888888889,0.6730835839727335,0.7319324876415979,0.7599760132583357,0.7261369682940639,0.0,0.011111111111111183,0.011111111111111072,12,3,9,6,6,6/6,1.0,27.834751751549714,28.76503370956147,10.772940767115276,7.882590550931275,2.9379350114767564,0.08563127493543991
0,20,20,False,176,90,26,156,11,9,15,0.55,0.6,0.5777777777777777,0.5777777777777777,0.5777777777777777,0.6730835839727335,0.7319324876415979,0.7687114352253203,0.725071820525594,0.0,0.0,0.022222222222222254,18,6,14,9,9,9/9,1.0,28.94103543311332,30.864257239607053,12.787196139539251,8.357505088987178,3.1150941933058887,0.09372372688233253
0,26,26,True,176,90,26,150,14,12,12,0.5384615384615384,0.6,0.5777777777777777,0.5222222222222223,0.5777777777777777,0.6730835839727335,0.7319324876415979,0.7758094854410522,0.737472092826727,-0.05555555555555547,-0.05555555555555547,0.022222222222222254,19,11,19,12,7,12/7,0.359283447265625,27.830381444625683,31.190743002931406,18.125182106888975,7.781626785412309,2.528485055041226,0.0900199268890455
0,35,35,False,176,90,26,141,19,16,7,0.5428571428571428,0.6,0.5777777777777777,0.5555555555555556,0.5888888888888889,0.6730835839727335,0.7319324876415979,0.781803388868526,0.7272395540490784,-0.033333333333333326,-0.022222222222222143,0.011111111111111072,11,10,16,7,4,7/4,0.548828125,23.89263281884667,30.506243962750368,22.850471285938518,6.579917647794663,2.2676630667409587,0.0752857679738825
0,50,50,False,176,90,26,126,20,30,6,0.4,0.6,0.5777777777777777,0.5444444444444444,0.5444444444444444,0.6730835839727335,0.7319324876415979,0.7980741320038198,0.7257111509834988,0.0,-0.033333333333333326,0.05555555555555558,12,9,13,6,6,6/6,1.0,23.947706554445737,32.779381248185864,26.856895374770684,7.242401143177435,2.621269014946791,0.07365114582561581
1,5,5,False,177,90,26,172,4,1,22,0.8,0.5555555555555556,0.5777777777777777,0.5777777777777777,0.5777777777777777,0.7245246395997155,0.7236729667468866,0.7212714566167084,0.7178198488724388,0.0,0.0,-0.022222222222222143,12,0,10,6,6,6/6,1.0,26.431827672303314,26.35556113403886,5.40466765795782,6.856135568506412,3.156733702463051,0.07736064512016207
1,10,10,False,177,90,26,167,9,1,17,0.9,0.5555555555555556,0.5777777777777777,0.5666666666666667,0.5555555555555556,0.7245246395997155,0.7236729667468866,0.712837647354035,0.7290860798915181,0.011111111111111072,-0.011111111111111072,0.0,11,1,9,5,6,5/6,1.0,26.418049062925196,26.19954145424578,6.3218300011375765,6.538237059427722,3.155582768955747,0.07415054245657848
1,15,15,False,177,90,26,162,11,4,15,0.7333333333333333,0.5555555555555556,0.5777777777777777,0.6,0.5444444444444444,0.7245246395997155,0.7236729667468866,0.7222824675110219,0.7310296912707882,0.05555555555555558,0.022222222222222254,0.011111111111111183,9,2,10,2,7,2/7,0.1796875,26.334536504145486,27.169296953730456,9.477028238987085,5.81952044912877,2.6965965814059576,0.06732323507468314
1,20,20,False,177,90,26,157,13,7,13,0.65,0.5555555555555556,0.5777777777777777,0.5777777777777777,0.5777777777777777,0.7245246395997155,0.7236729667468866,0.7388472046529175,0.7525150997313814,0.0,0.0,-0.022222222222222143,8,4,10,4,4,4/4,1.0,26.021214319139997,28.497765357706182,14.472095060158745,6.599767877093837,3.989745479885964,0.0665994680878552
1,26,26,True,177,90,26,151,14,12,12,0.5384615384615384,0.5555555555555556,0.5777777777777777,0.5888888888888889,0.5444444444444444,0.7245246395997155,0.7236729667468866,0.743060998755534,0.7579592875768368,0.04444444444444451,0.011111111111111183,0.011111111111111183,10,9,11,3,7,3/7,0.34375,25.930320475520105,29.359303188935954,16.864720829556834,6.81147674124923,3.697856470201503,0.06990766349152736
1,35,35,False,177,90,26,142,17,18,9,0.4857142857142857,0.5555555555555556,0.5777777777777777,0.5666666666666667,0.5222222222222223,0.7245246395997155,0.7236729667468866,0.7626901489122743,0.7465167109988904,0.0444444444444444,-0.011111111111111072,0.033333333333333326,8,5,11,2,6,2/6,0.2890625,24.794418254509445,30.218184298629073,22.195355692272063,6.574505187095619,3.559258782418283,0.07078107815108906
1,50,50,False,177,90,26,127,17,33,9,0.34,0.5555555555555556,0.5777777777777777,0.5777777777777777,0.5444444444444444,0.7245246395997155,0.7236729667468866,0.7856349454315362,0.7595011401125124,0.033333333333333326,0.0,0.011111111111111183,9,4,10,3,6,3/6,0.5078125,26.967073778861153,33.217292571335406,25.55960108717412,7.17495713396667,3.781729018320422,0.0761123348937794
2,5,5,False,180,90,27,175,4,1,23,0.8,0.5666666666666667,0.5555555555555556,0.5444444444444444,0.5666666666666667,0.6667273855526471,0.7108411087216766,0.7165300863299726,0.6692666645262587,-0.022222222222222254,-0.011111111111111183,0.0,12,3,12,7,5,7/5,0.7744140625,27.094134645898638,27.088724967411164,6.4114768095391605,6.77761934974552,2.9608069231892165,0.07211160932404453
2,10,10,False,180,90,27,170,8,2,19,0.8,0.5666666666666667,0.5555555555555556,0.5444444444444444,0.5666666666666667,0.6667273855526471,0.7108411087216766,0.7205132733792371,0.6744218921124298,-0.022222222222222254,-0.011111111111111183,0.0,10,3,12,6,4,6/4,0.75390625,26.638727728517452,27.011539116755273,8.332556537948173,7.075248506601019,2.9018610712111172,0.07122383641803026
2,15,15,False,180,90,27,165,11,4,16,0.7333333333333333,0.5666666666666667,0.5555555555555556,0.5555555555555556,0.5444444444444444,0.6667273855526471,0.7108411087216766,0.7336756295557777,0.6988997728396329,0.011111111111111183,0.0,0.022222222222222254,11,2,13,5,6,5/6,1.0,26.160851227027063,27.332158129349335,11.907284331779984,7.536950992626045,2.9964055890722507,0.06985153746793976
2,20,20,False,180,90,27,160,13,7,14,0.65,0.5666666666666667,0.5555555555555556,0.5555555555555556,0.5333333333333333,0.6667273855526471,0.7108411087216766,0.7348822656330297,0.7094661790877772,0.022222222222222254,0.0,0.033333333333333326,10,2,13,4,6,4/6,0.75390625,26.157617636480705,27.81315712490293,13.244127389171366,7.344365020133146,2.9577223717726984,0.06858037755566233
2,27,27,True,180,90,27,153,15,12,12,0.5555555555555556,0.5666666666666667,0.5555555555555556,0.5555555555555556,0.5222222222222223,0.6667273855526471,0.7108411087216766,0.7345620546168615,0.7044369864780664,0.033333333333333326,0.0,0.0444444444444444,11,2,13,4,7,4/7,0.548828125,25.542548472494047,28.57808533512497,15.398676186736818,7.320909798862606,2.8920497664195928,0.07168287795067295
2,35,35,False,180,90,27,145,17,18,10,0.4857142857142857,0.5666666666666667,0.5555555555555556,0.5777777777777777,0.5888888888888889,0.6667273855526471,0.7108411087216766,0.7167472121038386,0.6972696783488073,-0.011111111111111183,0.022222222222222143,-0.022222222222222254,9,4,13,5,4,5/4,1.0,25.202700072327737,30.40785688517078,20.213685872571983,7.383360468994143,3.8339186194599595,0.06900287173281572
2,50,50,False,180,90,27,130,19,31,8,0.38,0.5666666666666667,0.5555555555555556,0.5666666666666667,0.5888888888888889,0.6667273855526471,0.7108411087216766,0.7255215937518525,0.7253699079964827,-0.022222222222222254,0.011111111111111072,-0.022222222222222254,10,1,12,6,4,6/4,0.75390625,24.376934858576487,31.735882105138316,25.161440160780227,7.251828997529308,3.4176984987064705,0.06925150659088884
3,5,5,False,180,90,27,175,5,0,22,1.0,0.4888888888888889,0.45555555555555555,0.45555555555555555,0.4777777777777778,0.7539457234539475,0.7593835648625458,0.7625487429669415,0.7571923354639305,-0.022222222222222254,0.0,0.011111111111111072,16,2,15,9,7,9/7,0.803619384765625,27.46974731142712,27.28759771185809,3.271585927152052,5.4625186888863775,2.1907394535379403,0.06391125766947459
3,10,10,False,180,90,27,170,8,2,19,0.8,0.4888888888888889,0.45555555555555555,0.4666666666666667,0.45555555555555555,0.7539457234539475,0.7593835648625458,0.7676490854380263,0.7707414881649908,0.011111111111111127,0.011111111111111127,0.033333333333333326,15,5,14,7,8,7/8,1.0,27.77592390807923,28.312509953212434,8.000368633355778,5.987199669684985,2.3902897922197806,0.06974352815119254
3,15,15,False,180,90,27,165,12,3,15,0.8,0.4888888888888889,0.45555555555555555,0.4888888888888889,0.43333333333333335,0.7539457234539475,0.7593835648625458,0.7686350572342614,0.7744712335210936,0.055555555555555525,0.033333333333333326,0.055555555555555525,15,7,14,5,10,5/10,0.30175781249999994,26.727928116194448,27.695006161969197,10.898583930072894,6.267983034741764,2.6839562606097522,0.07335270462851703
3,20,20,False,180,90,27,160,14,6,13,0.7,0.4888888888888889,0.45555555555555555,0.4666666666666667,0.4222222222222222,0.7539457234539475,0.7593835648625458,0.7622051584242899,0.7703984463379315,0.04444444444444445,0.011111111111111127,0.06666666666666665,14,7,12,5,9,5/9,0.4239501953125,26.021740266817854,28.306382527299032,13.753492123827336,6.344778506325152,2.766081422663426,0.07442504013584023
3,27,27,True,180,90,27,153,14,13,13,0.5185185185185185,0.4888888888888889,0.45555555555555555,0.4666666666666667,0.4222222222222222,0.7539457234539475,0.7593835648625458,0.7444199815479148,0.7587771012915273,0.04444444444444445,0.011111111111111127,0.06666666666666665,14,7,12,5,9,5/9,0.4239501953125,26.88362845790355,30.564185369053867,16.83052623864086,6.528864133773333,2.824918642320387,0.07898184034198004
3,35,35,False,180,90,27,145,15,20,12,0.42857142857142855,0.4888888888888889,0.45555555555555555,0.4777777777777778,0.45555555555555555,0.7539457234539475,0.7593835648625458,0.7284345120154949,0.7432107017694539,0.022222222222222254,0.022222222222222254,0.033333333333333326,16,6,15,7,9,7/9,0.803619384765625,27.05523609113557,32.461085292550315,20.120143512890834,6.371114965885914,2.6879462648606913,0.07833045718634397
3,50,50,False,180,90,27,130,17,33,10,0.34,0.4888888888888889,0.45555555555555555,0.4888888888888889,0.4888888888888889,0.7539457234539475,0.7593835648625458,0.7194865562828536,0.7082777690846718,0.0,0.033333333333333326,0.0,12,13,18,6,6,6/6,1.0,26.453791567711594,33.611293956856585,25.911848983796776,6.595646548121883,2.7856293789434323,0.07915396056631435
4,5,5,False,183,90,27,178,4,1,23,0.8,0.5,0.5444444444444444,0.5111111111111111,0.5,0.6977728219358806,0.675449214509376,0.6665076241176597,0.6978811505125397,0.011111111111111072,-0.033333333333333326,0.0,11,3,11,5,6,5/6,1.0,28.41443826497351,28.588262903405166,6.299587960404818,7.664178408447622,2.7304179751751763,0.08036410982112757
4,10,10,False,183,90,27,173,8,2,19,0.8,0.5,0.5444444444444444,0.5333333333333333,0.5111111111111111,0.6977728219358806,0.675449214509376,0.6708607193938566,0.7005078963656286,0.022222222222222254,-0.011111111111111072,-0.011111111111111072,12,3,13,5,7,5/7,0.7744140625,28.56625502375759,29.578764561521634,8.654368273270968,7.927054395670797,2.771056926582594,0.08520147476200858
4,15,15,False,183,90,27,168,11,4,16,0.7333333333333333,0.5,0.5444444444444444,0.5555555555555556,0.5111111111111111,0.6977728219358806,0.675449214509376,0.6788868564054508,0.7199880582227155,0.04444444444444451,0.011111111111111183,-0.011111111111111072,12,5,13,4,8,4/8,0.3876953125,28.123464653029306,29.817752820563037,11.974011688295377,8.626676854019193,3.0520783098077793,0.0902028622053681
4,20,20,False,183,90,27,163,12,8,15,0.6,0.5,0.5444444444444444,0.5666666666666667,0.5111111111111111,0.6977728219358806,0.675449214509376,0.6816523005558631,0.7270378755082009,0.05555555555555558,0.022222222222222254,-0.011111111111111072,13,2,14,4,9,4/9,0.266845703125,28.239882704972317,30.91088340355046,13.799613936421533,8.574799307909268,2.8265049669121662,0.08893794153968208
4,27,27,True,183,90,27,156,13,14,14,0.48148148148148145,0.5,0.5444444444444444,0.5444444444444444,0.5,0.6977728219358806,0.675449214509376,0.6798843246864494,0.7326618692630318,0.0444444444444444,0.0,0.0,12,4,14,4,8,4/8,0.3876953125,29.09524805382373,32.38813283090174,16.45523954234942,8.713034279819789,2.822439858879647,0.09130567441781934
4,35,35,False,183,90,27,148,15,20,12,0.42857142857142855,0.5,0.5444444444444444,0.5444444444444444,0.4666666666666667,0.6977728219358806,0.675449214509376,0.6902754772832087,0.7463276904984225,0.07777777777777772,0.0,0.033333333333333326,11,4,12,2,9,2/9,0.0654296875,28.262614845553898,32.68480019986464,18.813736835893987,8.08381636827395,2.6671555995866933,0.0867183414849157
4,50,50,False,183,90,27,133,20,30,7,0.4,0.5,0.5444444444444444,0.5111111111111111,0.4777777777777778,0.6977728219358806,0.675449214509376,0.7324306486435918,0.7808173064352186,0.03333333333333327,-0.033333333333333326,0.0222222222222222,9,5,11,3,6,3/6,0.5078125,23.980772696629373,32.49118730375718,25.44425179960739,6.221120410980868,2.323895755794381,0.06552558258523025
5,5,5,False,177,90,26,172,5,0,21,1.0,0.5,0.5111111111111111,0.5333333333333333,0.5222222222222223,0.779393261298339,0.731348636296709,0.7285603128032538,0.7849038232941954,0.011111111111111072,0.022222222222222254,-0.022222222222222254,9,4,9,4,5,4/5,1.0,26.56800926324701,26.54907184056838,2.955073951885416,5.343701747822073,1.747306595289734,0.0677886832389177
5,10,10,False,177,90,26,167,9,1,17,0.9,0.5,0.5111111111111111,0.5444444444444444,0.5222222222222223,0.779393261298339,0.731348636296709,0.7159843172784242,0.7826363510862386,0.022222222222222143,0.033333333333333326,-0.022222222222222254,12,9,12,5,7,5/7,0.7744140625,26.653110138569595,27.12743861892125,6.584999016194616,5.449659622290162,1.6949732487967377,0.07027052187560806
5,15,15,False,177,90,26,162,11,4,15,0.7333333333333333,0.5,0.5111111111111111,0.5333333333333333,0.5222222222222223,0.779393261298339,0.731348636296709,0.7235014650558211,0.7801650148002659,0.011111111111111072,0.022222222222222254,-0.022222222222222254,11,8,13,5,6,5/6,1.0,26.413517975235273,27.955875011667146,9.736681688959301,6.26785645451117,2.0601409253660155,0.07521574685238723
5,20,20,False,177,90,26,157,12,8,14,0.6,0.5,0.5111111111111111,0.5,0.4888888888888889,0.779393261298339,0.731348636296709,0.7333010908187447,0.8018626497948179,0.011111111111111127,-0.011111111111111072,0.011111111111111127,13,9,12,6,7,6/7,1.0,26.57079201878106,30.168483656024296,16.381325338199982,6.635386923309071,2.061309456361551,0.08043865502347446
5,26,26,True,177,90,26,151,14,12,12,0.5384615384615384,0.5,0.5111111111111111,0.5333333333333333,0.4888888888888889,0.779393261298339,0.731348636296709,0.7453088834536544,0.8052390189248042,0.04444444444444445,0.022222222222222254,0.011111111111111127,16,12,15,6,10,6/10,0.454498291015625,26.218132762632273,30.35242240109089,18.439842338139133,6.528470182316192,2.173458369625488,0.07909100456950645
5,35,35,False,177,90,26,142,15,20,11,0.42857142857142855,0.5,0.5111111111111111,0.5333333333333333,0.5222222222222223,0.779393261298339,0.731348636296709,0.7648730688863217,0.8177359797304017,0.011111111111111072,0.022222222222222254,-0.022222222222222254,9,12,15,4,5,4/5,1.0,26.593843757039444,31.65161474263434,21.02841953092191,6.236872672877133,2.229051546419261,0.07619951772801987
5,50,50,False,177,90,26,127,19,31,7,0.38,0.5,0.5111111111111111,0.5111111111111111,0.5111111111111111,0.779393261298339,0.731348636296709,0.8075911677113854,0.7946119847905546,0.0,0.0,-0.011111111111111072,8,12,15,4,4,4/4,1.0,24.154030377160144,32.95533688529,26.928906122953983,5.59638290579095,1.8610169521336637,0.0643548875101216
6,5,5,False,181,90,27,176,4,1,23,0.8,0.5222222222222223,0.5333333333333333,0.5333333333333333,0.5222222222222223,0.6908206309294624,0.7740143077950978,0.7723500009030844,0.686731326482658,0.011111111111111072,0.0,0.0,15,2,15,7,8,7/8,1.0,29.07912248401037,29.111097552657565,5.536353906758803,7.334233509891097,3.647765046592098,0.08543542459952926
6,10,10,False,181,90,27,171,8,2,19,0.8,0.5222222222222223,0.5333333333333333,0.5333333333333333,0.5333333333333333,0.6908206309294624,0.7740143077950978,0.7675368292135133,0.6873341362092689,0.0,0.0,-0.011111111111111072,14,2,15,7,7,7/7,1.0,28.859519358278227,29.16204958541032,7.5126679769099285,7.224691794788929,3.552054636805528,0.08557423275505481
6,15,15,False,181,90,27,166,11,4,16,0.7333333333333333,0.5222222222222223,0.5333333333333333,0.5222222222222223,0.5555555555555556,0.6908206309294624,0.7740143077950978,0.7794844267286728,0.7004703349650367,-0.033333333333333326,-0.011111111111111072,-0.033333333333333326,11,3,14,7,4,7/4,0.548828125,28.484868535864326,29.84237771893004,11.773704924779755,6.974975438145479,2.755777456091156,0.08732548234947254
6,20,20,False,181,90,27,161,11,9,16,0.55,0.5222222222222223,0.5333333333333333,0.4777777777777778,0.5555555555555556,0.6908206309294624,0.7740143077950978,0.7950262567409643,0.7083973865250572,-0.07777777777777778,-0.055555555555555525,-0.033333333333333326,13,5,14,10,3,10/3,0.09228515625,29.188686407368188,31.696660504438405,14.650100918790068,7.181286434178989,2.8162287439516955,0.08953164549189793
6,27,27,True,181,90,27,154,15,12,12,0.5555555555555556,0.5222222222222223,0.5333333333333333,0.5111111111111111,0.5333333333333333,0.6908206309294624,0.7740143077950978,0.786310443048167,0.7432145775095459,-0.022222222222222254,-0.022222222222222254,-0.011111111111111072,12,8,17,7,5,7/5,0.7744140625,27.177683950900846,31.117950625076723,18.973235202654564,6.773389826820429,1.8955731017058466,0.08540338818531132
6,35,35,False,181,90,27,146,15,20,12,0.42857142857142855,0.5222222222222223,0.5333333333333333,0.5,0.5333333333333333,0.6908206309294624,0.7740143077950978,0.7861758093526466,0.739541369263836,-0.033333333333333326,-0.033333333333333326,-0.011111111111111072,17,11,22,10,7,10/7,0.629058837890625,27.847186449023503,32.68187888785237,21.861122376583385,6.984840353012567,2.004324896367005,0.08730074114078869
6,50,50,False,181,90,27,131,18,32,9,0.36,0.5222222222222223,0.5333333333333333,0.4777777777777778,0.5111111111111111,0.6908206309294624,0.7740143077950978,0.7802214542166084,0.7766723851813372,-0.03333333333333327,-0.055555555555555525,0.011111111111111183,21,9,24,12,9,12/9,0.6636238098144531,26.841918796375225,34.688991971984,27.56865056981158,7.326104835943486,2.339584949698318,0.09070199117091726
7,5,5,False,176,90,26,171,5,0,21,1.0,0.5333333333333333,0.5,0.5,0.5222222222222223,0.7046233698501747,0.754176599994355,0.748744355176171,0.7143853076352218,-0.022222222222222254,0.0,0.011111111111111072,8,2,9,5,3,5/3,0.7265625,28.04192392298025,27.538744446081544,4.015532412618169,6.557602228756424,2.0591249683421915,0.06890988947225211
7,10,10,False,176,90,26,166,9,1,17,0.9,0.5333333333333333,0.5,0.5333333333333333,0.5444444444444444,0.7046233698501747,0.754176599994355,0.7489827198389569,0.7189703586730366,-0.011111111111111072,0.033333333333333326,-0.011111111111111072,9,5,8,5,4,5/4,1.0,27.985786469470185,27.524736513354338,6.756928756573043,6.929752202850182,2.061540585519337,0.07472078251909214
7,15,15,False,176,90,26,161,11,4,15,0.7333333333333333,0.5333333333333333,0.5,0.5555555555555556,0.5555555555555556,0.7046233698501747,0.754176599994355,0.731653038682998,0.7434114101851568,0.0,0.05555555555555558,-0.022222222222222254,12,11,14,6,6,6/6,1.0,27.784179465797486,27.770839152041532,10.112046667715079,7.011940734675902,2.1020742542053084,0.08438906378502783
7,20,20,False,176,90,26,156,12,8,14,0.6,0.5333333333333333,0.5,0.5333333333333333,0.5666666666666667,0.7046233698501747,0.754176599994355,0.7352813368559713,0.7393458420767807,-0.033333333333333326,0.033333333333333326,-0.033333333333333326,15,11,16,9,6,9/6,0.6072387695312499,27.410163258120374,28.591692220499347,12.900351719386823,6.478949222105868,2.1053608901898992,0.07397044856542065
7,26,26,True,176,90,26,150,14,12,12,0.5384615384615384,0.5333333333333333,0.5,0.5555555555555556,0.5777777777777777,0.7046233698501747,0.754176599994355,0.727668087337068,0.7204299446979869,-0.022222222222222143,0.05555555555555558,-0.0444444444444444,14,11,18,8,6,8/6,0.79052734375,27.099946139802462,30.410988508270695,15.629945088661838,6.66332064765016,1.8955277612444315,0.07031520747666319
7,35,35,False,176,90,26,141,14,21,12,0.4,0.5333333333333333,0.5,0.5555555555555556,0.5666666666666667,0.7046233698501747,0.754176599994355,0.7517268326002563,0.7586659337899266,-0.011111111111111072,0.05555555555555558,-0.033333333333333326,7,11,12,4,3,4/3,1.0,28.050666816065778,32.429448627303856,20.087766336421506,6.737486682198004,1.8642832224571388,0.07163424216515832
7,50,50,False,176,90,26,126,18,32,8,0.36,0.5333333333333333,0.5,0.5444444444444444,0.5555555555555556,0.7046233698501747,0.754176599994355,0.7324534740357973,0.685715668754708,-0.011111111111111183,0.0444444444444444,-0.022222222222222254,5,12,13,3,2,3/2,1.0,25.752559438603303,34.17834252571734,26.241876786929137,7.276140135812577,2.3840254724969885,0.06808098372318636
8,5,5,False,179,90,26,174,4,1,22,0.8,0.5111111111111111,0.5,0.4666666666666667,0.5,0.7552960749225041,0.7710685453841601,0.7633765319224795,0.7523399663932023,-0.033333333333333326,-0.033333333333333326,0.011111111111111072,13,7,12,8,5,8/5,0.5810546875,26.626348305046655,26.856579585274343,5.612833866596585,5.743040972570617,2.37476725957367,0.06668056845329814
8,10,10,False,179,90,26,169,9,1,17,0.9,0.5111111111111111,0.5,0.4666666666666667,0.5111111111111111,0.7552960749225041,0.7710685453841601,0.762746109545889,0.7572819411505741,-0.0444444444444444,-0.033333333333333326,0.0,12,7,12,8,4,8/4,0.3876953125,25.773164878568643,26.046329203730913,7.207539710979704,5.75864395518149,2.0088031075433967,0.06920738328630195
8,15,15,False,179,90,26,164,11,4,15,0.7333333333333333,0.5111111111111111,0.5,0.4888888888888889,0.5,0.7552960749225041,0.7710685453841601,0.7814189628308286,0.7764462893206457,-0.011111111111111127,-0.011111111111111127,0.011111111111111072,13,9,14,7,6,7/6,1.0,25.746661654426344,26.985419107659368,10.302078807370403,6.0390006932991875,1.8881566096115396,0.07216229217865622
8,20,20,False,179,90,26,159,14,6,12,0.7,0.5111111111111111,0.5,0.5222222222222223,0.4666666666666667,0.7552960749225041,0.7710685453841601,0.7804232175561304,0.7827772635983428,0.05555555555555558,0.022222222222222254,0.0444444444444444,15,12,17,5,10,5/10,0.30175781249999994,25.338500086924615,26.922380695153915,13.703949268710659,6.17836285636399,1.9137386528848879,0.07693386449054287
8,26,26,True,179,90,26,153,15,11,11,0.5769230769230769,0.5111111111111111,0.5,0.5,0.5333333333333333,0.7552960749225041,0.7710685453841601,0.7876317518631651,0.7866030793979718,-0.033333333333333326,0.0,-0.022222222222222254,13,12,15,8,5,8/5,0.5810546875,25.430706777916512,29.036986078339787,16.350695963444352,5.981064073350381,1.8566688978362142,0.07277729053105025
8,35,35,False,179,90,26,144,16,19,10,0.45714285714285713,0.5111111111111111,0.5,0.5222222222222223,0.4888888888888889,0.7552960749225041,0.7710685453841601,0.7999691711663915,0.7975239709255958,0.03333333333333338,0.022222222222222254,0.0222222222222222,7,8,11,2,5,2/5,0.453125,25.63196207490809,30.60948174281907,20.184572873054442,6.104983412873017,2.4120832270367085,0.07128319299853071
8,50,50,False,179,90,26,129,20,30,6,0.4,0.5111111111111111,0.5,0.5,0.5,0.7552960749225041,0.7710685453841601,0.8139622220002087,0.7878286107288991,0.0,0.0,0.011111111111111072,10,10,15,5,5,5/5,1.0,22.043648730027467,30.82790173897227,24.701884942646938,5.379070893163008,2.0949255923587606,0.06070454330281044
9,5,5,False,180,90,27,175,3,2,24,0.6,0.5111111111111111,0.4888888888888889,0.5222222222222223,0.5222222222222223,0.7817184377190088,0.7644984297705973,0.7761984003272294,0.807426992999751,0.0,0.03333333333333338,-0.011111111111111183,12,5,15,6,6,6/6,1.0,28.272900100270714,28.909157771033033,11.605079350443921,7.802814507455302,2.5429609518533285,0.0912799266395578
9,10,10,False,180,90,27,170,8,2,19,0.8,0.5111111111111111,0.4888888888888889,0.5111111111111111,0.5222222222222223,0.7817184377190088,0.7644984297705973,0.7676857802974939,0.8179570628610654,-0.011111111111111183,0.0222222222222222,-0.011111111111111183,13,6,14,7,6,7/6,1.0,27.80466701768944,28.54247168531344,12.066145263175118,7.2929415380797975,2.730720627356249,0.08636146011115117
9,15,15,False,180,90,27,165,11,4,16,0.7333333333333333,0.5111111111111111,0.4888888888888889,0.4888888888888889,0.5333333333333333,0.7817184377190088,0.7644984297705973,0.7669989724502491,0.8048576284865364,-0.04444444444444445,0.0,-0.022222222222222254,10,4,12,7,3,7/3,0.34375,26.59906090341236,28.13797862787374,13.12169356263503,6.675989253503668,2.6765815660248187,0.07700422766835738
9,20,20,False,180,90,27,160,15,5,12,0.75,0.5111111111111111,0.4888888888888889,0.5,0.5444444444444444,0.7817184377190088,0.7644984297705973,0.7616004616657707,0.8079109692154189,-0.0444444444444444,0.011111111111111127,-0.033333333333333326,8,5,11,6,2,6/2,0.2890625,24.694753480941554,27.18109654889308,14.31162957701498,6.215328920708816,2.7426784301145846,0.06897577364327026
9,27,27,True,180,90,27,153,17,10,10,0.6296296296296297,0.5111111111111111,0.4888888888888889,0.5111111111111111,0.5444444444444444,0.7817184377190088,0.7644984297705973,0.774650779313926,0.7929885715259385,-0.033333333333333326,0.0222222222222222,-0.033333333333333326,11,8,14,7,4,7/4,0.548828125,23.474510554224892,28.307978824473143,16.93420751939002,5.754063785313966,2.1319864221635227,0.06727089728286541
9,35,35,False,180,90,27,145,17,18,10,0.4857142857142857,0.5111111111111111,0.4888888888888889,0.5333333333333333,0.5555555555555556,0.7817184377190088,0.7644984297705973,0.7669403786507315,0.7919571209927033,-0.022222222222222254,0.04444444444444445,-0.04444444444444451,6,10,10,4,2,4/2,0.6875,24.2739500855657,30.04294457896703,19.098960628826692,6.021326013694207,2.35602128103117,0.0700744123988058
9,50,50,False,180,90,27,130,20,30,7,0.4,0.5111111111111111,0.4888888888888889,0.4888888888888889,0.5444444444444444,0.7817184377190088,0.7644984297705973,0.8148302231422307,0.8252124102233697,-0.055555555555555525,0.0,-0.033333333333333326,7,8,14,6,1,6/1,0.125,21.847958441366707,31.365337684505057,24.76249174455889,5.45190210936008,2.03930116641645,0.06024292065183672
10,5,5,False,182,90,27,177,4,1,23,0.8,0.4666666666666667,0.4222222222222222,0.4222222222222222,0.4666666666666667,0.7872683412624517,0.8868073116465197,0.8996219973441498,0.7916333096768211,-0.04444444444444445,0.0,0.0,8,4,8,6,2,6/2,0.2890625,26.188609551732416,26.466293594419817,6.49031729514938,6.419610082653159,2.5426720469980078,0.06587949768464785
10,10,10,False,182,90,27,172,8,2,19,0.8,0.4666666666666667,0.4222222222222222,0.4,0.45555555555555555,0.7872683412624517,0.8868073116465197,0.9067905481587268,0.8061317400983187,-0.055555555555555525,-0.0222222222222222,0.011111111111111127,7,2,6,6,1,6/1,0.125,26.039288600441854,26.558290236328492,8.002161537287193,6.570610082960303,3.0749824620246065,0.06291101864646298
10,15,15,False,182,90,27,167,12,3,15,0.8,0.4666666666666667,0.4222222222222222,0.4666666666666667,0.4444444444444444,0.7872683412624517,0.8868073116465197,0.9144301843698437,0.8250375070145765,0.022222222222222254,0.04444444444444445,0.022222222222222254,8,8,6,3,5,3/5,0.7265625,24.608345880313152,26.303650583269217,12.071706296883136,5.905038521841161,2.763080942942951,0.05594904605519562
10,20,20,False,182,90,27,162,14,6,13,0.7,0.4666666666666667,0.4222222222222222,0.45555555555555555,0.5111111111111111,0.7872683412624517,0.8868073116465197,0.9212231788112364,0.8174820305774017,-0.055555555555555525,0.033333333333333326,-0.0444444444444444,7,9,9,6,1,6/1,0.125,24.154107124783025,27.146826740516687,13.720050716330174,5.961815539227342,2.7109462665933295,0.05338850492728943
10,27,27,True,182,90,27,155,16,11,11,0.5925925925925926,0.4666666666666667,0.4222222222222222,0.4444444444444444,0.4666666666666667,0.7872683412624517,0.8868073116465197,0.9024622421235896,0.8396940747309769,-0.022222222222222254,0.0222222222222222,0.0,6,10,8,4,2,4/2,0.6875,24.024435272060526,28.419908968063858,18.32750903255845,6.151239097746666,2.58201105575219,0.06205234743569306
10,35,35,False,182,90,27,147,17,18,10,0.4857142857142857,0.4666666666666667,0.4222222222222222,0.4666666666666667,0.4888888888888889,0.7872683412624517,0.8868073116465197,0.8949027586697941,0.8302368556801353,-0.0222222222222222,0.04444444444444445,-0.0222222222222222,12,12,10,7,5,7/5,0.7744140625,24.296623207115978,30.043879964645043,20.7635835338405,6.383428096850453,2.658496401735318,0.06618450719234452
10,50,50,False,182,90,27,132,19,31,8,0.38,0.4666666666666667,0.4222222222222222,0.4222222222222222,0.4444444444444444,0.7872683412624517,0.8868073116465197,0.8884145252471934,0.8500803557109786,-0.0222222222222222,0.0,0.022222222222222254,12,10,10,7,5,7/5,0.7744140625,24.196918140494358,31.494766048794236,24.640913617801555,7.015580557330619,3.3418994865624554,0.06961914438065768
11,5,5,False,178,90,26,173,5,0,21,1.0,0.5333333333333333,0.5333333333333333,0.5222222222222223,0.5444444444444444,0.7126947574831228,0.7571850234966571,0.7608869806842851,0.7165267648569597,-0.022222222222222143,-0.011111111111111072,-0.011111111111111072,10,1,11,6,4,6/4,0.75390625,28.59207825262615,28.206694771484553,4.409872418608237,5.855490898637068,2.0679957441922774,0.06344523645677175
11,10,10,False,178,90,26,168,8,2,18,0.8,0.5333333333333333,0.5333333333333333,0.5444444444444444,0.5555555555555556,0.7126947574831228,0.7571850234966571,0.7676088265143801,0.7236518708791438,-0.011111111111111183,0.011111111111111072,-0.022222222222222254,13,1,13,7,6,7/6,1.0,28.219880556992297,28.716520076953113,8.156568705234124,6.163964933708731,2.3544355499034966,0.06655969540030521
11,15,15,False,178,90,26,163,11,4,15,0.7333333333333333,0.5333333333333333,0.5333333333333333,0.5222222222222223,0.5666666666666667,0.7126947574831228,0.7571850234966571,0.7769123673733733,0.7387410190822065,-0.0444444444444444,-0.011111111111111072,-0.033333333333333326,12,3,13,8,4,8/4,0.3876953125,27.303209716242336,28.333435235071395,11.88312016877046,6.625794443747344,3.008694635604064,0.0657427055485585
11,20,20,False,178,90,26,158,13,7,13,0.65,0.5333333333333333,0.5333333333333333,0.5222222222222223,0.5888888888888889,0.7126947574831228,0.7571850234966571,0.7778151072856208,0.7252859293284557,-0.06666666666666665,-0.011111111111111072,-0.05555555555555558,10,3,13,8,2,8/2,0.109375,26.787796390384624,28.560940747377234,13.302446396197661,6.48671710566627,2.7969152011893597,0.06794628984554235
11,26,26,True,178,90,26,152,14,12,12,0.5384615384615384,0.5333333333333333,0.5333333333333333,0.5444444444444444,0.5555555555555556,0.7126947574831228,0.7571850234966571,0.7751677627128687,0.7233178397272907,-0.011111111111111183,0.011111111111111072,-0.022222222222222254,11,5,13,6,5,6/5,1.0,26.66051024658729,29.916706201787168,15.679409903392965,6.928696043918514,2.80205766423049,0.0685716287213551
11,35,35,False,178,90,26,143,16,19,10,0.45714285714285713,0.5333333333333333,0.5333333333333333,0.5333333333333333,0.5555555555555556,0.7126947574831228,0.7571850234966571,0.7823954834358916,0.736431944322161,-0.022222222222222254,0.0,-0.022222222222222254,12,2,14,7,5,7/5,0.7744140625,26.487225408070984,30.597869979412508,19.823246270024644,7.014666958089025,2.6611495291106673,0.07056158253878653
11,50,50,False,178,90,26,128,18,32,8,0.36,0.5333333333333333,0.5333333333333333,0.5111111111111111,0.5222222222222223,0.7126947574831228,0.7571850234966571,0.7511897349661352,0.729057694590849,-0.011111111111111183,-0.022222222222222254,0.011111111111111072,15,8,16,8,7,8/7,1.0,26.348518792321304,33.33780601604417,24.93931763332761,6.628241153982475,2.2579732061357687,0.0725742163395068
12,5,5,False,180,90,27,175,5,0,22,1.0,0.5777777777777777,0.5555555555555556,0.5666666666666667,0.5888888888888889,0.643811440884656,0.6979777216683895,0.6997714937959645,0.6439649076116295,-0.022222222222222254,0.011111111111111072,-0.011111111111111183,14,1,15,8,6,8/6,0.79052734375,28.05851718010009,27.50694052415605,3.2040356751891013,6.752411706489,2.2706114105108837,0.08434390210035894
12,10,10,False,180,90,27,170,9,1,18,0.9,0.5777777777777777,0.5555555555555556,0.5444444444444444,0.5888888888888889,0.643811440884656,0.6979777216683895,0.7250299405364526,0.6477318657597512,-0.04444444444444451,-0.011111111111111183,-0.011111111111111183,18,3,19,11,7,11/7,0.480682373046875,27.661710523097877,27.633492070754492,6.728803336649611,7.247209474523292,2.4978794951008556,0.0908369070340915
12,15,15,False,180,90,27,165,10,5,17,0.6666666666666666,0.5777777777777777,0.5555555555555556,0.5333333333333333,0.5666666666666667,0.643811440884656,0.6979777216683895,0.7343112665075873,0.6624098831143163,-0.033333333333333326,-0.022222222222222254,0.011111111111111072,15,4,20,9,6,9/6,0.6072387695312499,27.699875571117335,29.014530691548323,10.694040458138932,7.164959099773335,2.356617895095837,0.09129825769649377
12,20,20,False,180,90,27,160,11,9,16,0.55,0.5777777777777777,0.5555555555555556,0.5555555555555556,0.5666666666666667,0.643811440884656,0.6979777216683895,0.7317208692215559,0.6571656489005746,-0.011111111111111072,0.0,0.011111111111111072,19,8,22,10,9,10/9,1.0,27.723014656765695,30.17385497782139,13.328385532403066,7.330866492247574,2.146755399683565,0.09512998462403922
12,27,27,True,180,90,27,153,15,12,12,0.5555555555555556,0.5777777777777777,0.5555555555555556,0.5555555555555556,0.5555555555555556,0.643811440884656,0.6979777216683895,0.7400127635098289,0.6772072884828744,0.0,0.0,0.022222222222222143,16,8,22,8,8,8/8,1.0,26.138901723778908,29.831872081467537,17.09156286361453,6.9383413000516745,1.9178073862271634,0.08297041936858664
12,35,35,False,180,90,27,145,15,20,12,0.42857142857142855,0.5777777777777777,0.5555555555555556,0.5333333333333333,0.5444444444444444,0.643811440884656,0.6979777216683895,0.7353290296866977,0.6750315096236216,-0.011111111111111072,-0.022222222222222254,0.033333333333333326,19,12,24,10,9,10/9,1.0,26.97777210021366,31.23587367385448,19.62838028408698,7.152992321098579,2.0889113870563345,0.08674936564997372
12,50,50,False,180,90,27,130,16,34,11,0.32,0.5777777777777777,0.5555555555555556,0.5222222222222223,0.5444444444444444,0.643811440884656,0.6979777216683895,0.7504146347776477,0.6890454207445715,-0.022222222222222143,-0.033333333333333326,0.033333333333333326,20,9,23,11,9,11/9,0.8238029479980469,28.57692298101433,33.681220756142906,22.429383133680364,7.532670642923143,2.1822771945460486,0.09682987091062972
13,5,5,False,177,90,26,172,4,1,22,0.8,0.5666666666666667,0.5555555555555556,0.5555555555555556,0.5777777777777777,0.6806351850017592,0.7192457681487064,0.727754894025992,0.6875513384133825,-0.022222222222222143,0.0,-0.011111111111111072,10,0,11,6,4,6/4,0.75390625,26.62257231218373,26.4343073067328,3.9854547826441933,6.539428343910901,2.397638240736473,0.07152039261588863
13,10,10,False,177,90,26,167,9,1,17,0.9,0.5666666666666667,0.5555555555555556,0.5555555555555556,0.5777777777777777,0.6806351850017592,0.7192457681487064,0.7284025877503632,0.6902328345274864,-0.022222222222222143,0.0,-0.011111111111111072,10,0,11,6,4,6/4,0.75390625,26.424714917975983,26.041975564000364,5.377798108935115,6.296764716122549,2.1939563498160055,0.06795556537407867
13,15,15,False,177,90,26,162,11,4,15,0.7333333333333333,0.5666666666666667,0.5555555555555556,0.5444444444444444,0.5666666666666667,0.6806351850017592,0.7192457681487064,0.7645356012823029,0.6971691191506569,-0.022222222222222254,-0.011111111111111183,0.0,10,1,12,6,4,6/4,0.75390625,26.654854019406997,27.043879812737902,9.026262500036577,6.614877181828145,2.3877197355217987,0.07645609553563006
13,20,20,False,177,90,26,157,12,8,14,0.6,0.5666666666666667,0.5555555555555556,0.5444444444444444,0.5777777777777777,0.6806351850017592,0.7192457681487064,0.7697821235453056,0.6970670947523886,-0.033333333333333326,-0.011111111111111183,-0.011111111111111072,11,3,12,7,4,7/4,0.548828125,26.95810553923877,28.07153487583497,11.751429712786328,6.994013024900734,2.7546100901081347,0.07932648356299504
13,26,26,True,177,90,26,151,13,13,13,0.5,0.5666666666666667,0.5555555555555556,0.5222222222222223,0.5444444444444444,0.6806351850017592,0.7192457681487064,0.7686155095548991,0.7007429038185364,-0.022222222222222143,-0.033333333333333326,0.022222222222222254,12,5,14,7,5,7/5,0.7744140625,26.854723515342663,28.893529085798303,14.276651320360507,6.740709869103465,2.536475350847674,0.07471400295911967
13,35,35,False,177,90,26,142,14,21,12,0.4,0.5666666666666667,0.5555555555555556,0.5333333333333333,0.5555555555555556,0.6806351850017592,0.7192457681487064,0.7929756484215404,0.718204447257745,-0.022222222222222254,-0.022222222222222254,0.011111111111111072,10,6,13,6,4,6/4,0.75390625,27.324872806232896,30.866175323121887,17.904575512273873,6.506264587690072,2.4247968837663842,0.07381777606578178
13,50,50,False,177,90,26,127,16,34,10,0.32,0.5666666666666667,0.5555555555555556,0.5333333333333333,0.5555555555555556,0.6806351850017592,0.7192457681487064,0.7985442446919394,0.7346258392649937,-0.022222222222222254,-0.022222222222222254,0.011111111111111072,10,14,15,6,4,6/4,0.75390625,27.176608835921986,33.37811212536283,22.790123597635887,6.557742466409673,2.432110761300974,0.07105988940327765
14,5,5,False,179,90,26,174,5,0,21,1.0,0.5222222222222223,0.5333333333333333,0.5555555555555556,0.5,0.7511148953258939,0.8248748923657997,0.8287372043152044,0.7548109816953312,0.05555555555555558,0.022222222222222254,0.022222222222222254,19,2,15,7,12,7/12,0.359283447265625,27.87426458695407,27.478164699793787,2.4649788546746327,7.576446658561547,4.018298282221265,0.08893843440109363
14,10,10,False,179,90,26,169,8,2,18,0.8,0.5222222222222223,0.5333333333333333,0.4888888888888889,0.5,0.7511148953258939,0.8248748923657997,0.8420658424123351,0.773773496803216,-0.011111111111111127,-0.04444444444444445,0.022222222222222254,15,6,15,8,7,8/7,1.0,27.702914147392505,27.74280231901054,6.164647767537509,7.778855649788287,4.515403529164252,0.08986819381140773
14,15,15,False,179,90,26,164,11,4,15,0.7333333333333333,0.5222222222222223,0.5333333333333333,0.5111111111111111,0.5222222222222223,0.7511148953258939,0.8248748923657997,0.8493024217023815,0.7889375215852393,-0.011111111111111183,-0.022222222222222254,0.0,15,4,17,8,7,8/7,1.0,26.616880230585277,28.18906708471781,12.015291345370557,7.614979988559236,4.169930556242096,0.0887210013546487
14,20,20,False,179,90,26,159,12,8,14,0.6,0.5222222222222223,0.5333333333333333,0.5222222222222223,0.4888888888888889,0.7511148953258939,0.8248748923657997,0.8694627671855323,0.7947554171669471,0.03333333333333338,-0.011111111111111072,0.03333333333333338,17,3,18,7,10,7/10,0.629058837890625,26.77739939609501,28.760462578985567,13.566381959912299,7.9064309942123,4.566713579284811,0.08827576669985816
14,26,26,True,179,90,26,153,14,12,12,0.5384615384615384,0.5222222222222223,0.5333333333333333,0.5444444444444444,0.5111111111111111,0.7511148953258939,0.8248748923657997,0.8629189705584185,0.789493146707522,0.033333333333333326,0.011111111111111072,0.011111111111111183,11,7,14,4,7,4/7,0.548828125,26.15782342649747,30.049386040847928,17.62503748038579,7.388554991232288,3.916742490299633,0.0847937053705817
14,35,35,False,179,90,26,144,15,20,11,0.42857142857142855,0.5222222222222223,0.5333333333333333,0.5333333333333333,0.5,0.7511148953258939,0.8248748923657997,0.89054329287825,0.8119839868014288,0.033333333333333326,0.0,0.022222222222222254,11,8,19,4,7,4/7,0.548828125,26.470958989724384,31.72701991406806,21.431540701101596,7.832814494336545,3.4856881369252664,0.09016769192995357
14,50,50,False,179,90,26,129,15,35,11,0.3,0.5222222222222223,0.5333333333333333,0.5222222222222223,0.4888888888888889,0.7511148953258939,0.8248748923657997,0.8819779237560433,0.8008969921158243,0.03333333333333338,-0.011111111111111072,0.03333333333333338,15,9,18,6,9,6/9,0.6072387695312499,28.263825859602495,33.91692443917714,25.21819261429013,8.530671706790121,3.9523102230711094,0.09342353870828464
15,5,5,False,181,90,27,176,3,2,24,0.6,0.5333333333333333,0.5111111111111111,0.5222222222222223,0.4888888888888889,0.765206185141382,0.7799369072844674,0.7931996658766983,0.7785307862853713,0.03333333333333338,0.011111111111111183,0.04444444444444445,19,5,15,8,11,8/11,0.6476058959960938,27.58606528142647,28.318589742117535,7.838294828630765,6.885194279633545,2.4493926930949477,0.08124998283967802
15,10,10,False,181,90,27,171,7,3,20,0.7,0.5333333333333333,0.5111111111111111,0.5444444444444444,0.4666666666666667,0.765206185141382,0.7799369072844674,0.8103976207340883,0.7847907387174069,0.07777777777777772,0.033333333333333326,0.06666666666666665,19,7,15,6,13,6/13,0.1670684814453125,27.768689575510727,28.60900654364343,9.555336193239484,6.9649635275207125,2.18568513122929,0.08217045364519421
15,15,15,False,181,90,27,166,12,3,15,0.8,0.5333333333333333,0.5111111111111111,0.5222222222222223,0.4888888888888889,0.765206185141382,0.7799369072844674,0.8115356062097152,0.7925120391955925,0.03333333333333338,0.011111111111111183,0.04444444444444445,19,5,15,8,11,8/11,0.6476058959960938,26.774598976556398,27.585344667757486,10.881374271475202,7.249904826326303,2.2167737879046903,0.08935249963551535
15,20,20,False,181,90,27,161,13,7,14,0.65,0.5333333333333333,0.5111111111111111,0.5,0.4777777777777778,0.765206185141382,0.7799369072844674,0.8025190769582959,0.7865127614494755,0.0222222222222222,-0.011111111111111072,0.055555555555555525,16,7,17,7,9,7/9,0.803619384765625,26.97658842034288,30.082459053106962,15.27556193656274,7.339447324291511,2.3250656136729466,0.08860639775752498
15,27,27,True,181,90,27,154,16,11,11,0.5925925925925926,0.5333333333333333,0.5111111111111111,0.5111111111111111,0.5,0.765206185141382,0.7799369072844674,0.8290814011775924,0.7758891807983346,0.011111111111111072,0.0,0.033333333333333326,15,6,16,7,8,7/8,1.0,26.26663904468806,30.33250950442378,18.408716354250895,7.017979084027518,2.182113964115079,0.08375985413549623
15,35,35,False,181,90,27,146,18,17,9,0.5142857142857142,0.5333333333333333,0.5111111111111111,0.4777777777777778,0.4666666666666667,0.765206185141382,0.7799369072844674,0.8776892419677232,0.7893888709180129,0.011111111111111127,-0.03333333333333327,0.06666666666666665,9,9,15,4,5,4/5,1.0,25.80979329255762,31.719484989136298,22.249300347963743,7.401949760963437,2.331106257296839,0.07984260529448718
15,50,50,False,181,90,27,131,21,29,6,0.42,0.5333333333333333,0.5111111111111111,0.4888888888888889,0.5222222222222223,0.765206185141382,0.7799369072844674,0.8454601900177185,0.7652524458551727,-0.03333333333333338,-0.0222222222222222,0.011111111111111072,15,10,16,9,6,9/6,0.6072387695312499,24.38594174397027,33.35262219418094,26.814637245000654,6.263763778252229,1.833399864330235,0.07221742589900296
16,5,5,False,183,90,27,178,5,0,22,1.0,0.5111111111111111,0.5888888888888889,0.5777777777777777,0.5222222222222223,0.642596395314651,0.6190245397236638,0.6179878956167173,0.6453630095300141,0.05555555555555547,-0.011111111111111183,-0.011111111111111183,15,1,14,5,10,5/10,0.30175781249999994,28.501632133767686,28.368895702695962,2.2571078828672357,6.6945557425965045,3.1210062497940125,0.08204805368021478
16,10,10,False,183,90,27,173,9,1,18,0.9,0.5111111111111111,0.5888888888888889,0.5777777777777777,0.5,0.642596395314651,0.6190245397236638,0.6211145693820015,0.650208305898308,0.07777777777777772,-0.011111111111111183,0.011111111111111072,15,1,14,4,11,4/11,0.11846923828124999,28.020316868486002,28.188350951409028,5.54999741485452,6.912664575238373,2.943668213916642,0.08238936504599699
16,15,15,False,183,90,27,168,11,4,16,0.7333333333333333,0.5111111111111111,0.5888888888888889,0.5777777777777777,0.5333333333333333,0.642596395314651,0.6190245397236638,0.611796619621936,0.6459319777880153,0.0444444444444444,-0.011111111111111183,-0.022222222222222254,14,3,14,5,9,5/9,0.4239501953125,27.459101022243654,28.35694006738928,9.366598960579278,7.794540042668206,3.652259797541598,0.0839153925811713
16,20,20,False,183,90,27,163,12,8,15,0.6,0.5111111111111111,0.5888888888888889,0.5222222222222223,0.5333333333333333,0.642596395314651,0.6190245397236638,0.6241134920303201,0.6593017494745834,-0.011111111111111072,-0.06666666666666665,-0.022222222222222254,9,6,11,5,4,5/4,1.0,27.42882503516385,29.78435828689141,13.757485252630154,7.843090338323505,3.851635260333624,0.08052928260527414
16,27,27,True,183,90,27,156,12,15,15,0.4444444444444444,0.5111111111111111,0.5888888888888889,0.5777777777777777,0.4888888888888889,0.642596395314651,0.6190245397236638,0.6234310085984568,0.6532599976951216,0.08888888888888885,-0.011111111111111183,0.0222222222222222,12,7,12,2,10,2/10,0.03857421875,28.484728783119753,33.17854823019094,19.24536311348585,8.359543807030658,4.194180508441306,0.07602990408364668
16,35,35,False,183,90,27,148,13,22,14,0.37142857142857144,0.5111111111111111,0.5888888888888889,0.5222222222222223,0.5,0.642596395314651,0.6190245397236638,0.6424362572719193,0.6753977677529063,0.022222222222222254,-0.06666666666666665,0.011111111111111072,10,12,15,4,6,4/6,0.75390625,29.057029145137168,34.582445014617406,21.703229100141748,8.497069430598941,3.9922015442981653,0.07646459376972077
16,50,50,False,183,90,27,133,16,34,11,0.32,0.5111111111111111,0.5888888888888889,0.5222222222222223,0.4777777777777778,0.642596395314651,0.6190245397236638,0.6485115513805092,0.708755735614913,0.04444444444444445,-0.06666666666666665,0.03333333333333327,10,14,15,3,7,3/7,0.34375,28.30732233591819,35.53860434824534,27.157038839263326,8.00192189232048,3.766530265893161,0.07708931607875641
17,5,5,False,182,90,27,177,5,0,22,1.0,0.4777777777777778,0.5333333333333333,0.5222222222222223,0.4777777777777778,0.8099174379820602,0.7856034219189615,0.7913809090614503,0.8117816384654958,0.04444444444444445,-0.011111111111111072,0.0,8,1,8,2,6,2/6,0.2890625,27.530392422309617,27.063693915909855,2.9825589475065724,6.79389814215052,2.5649701960281845,0.0723439813584167
17,10,10,False,182,90,27,172,10,0,17,1.0,0.4777777777777778,0.5333333333333333,0.5111111111111111,0.4777777777777778,0.8099174379820602,0.7856034219189615,0.8016336334313241,0.8076544773504862,0.03333333333333327,-0.022222222222222254,0.0,9,2,9,3,6,3/6,0.5078125,26.91907401313514,26.405108309299123,5.085958887978289,6.4855307758497025,2.563538260860649,0.06739671986843804
17,15,15,False,182,90,27,167,12,3,15,0.8,0.4777777777777778,0.5333333333333333,0.5111111111111111,0.4666666666666667,0.8099174379820602,0.7856034219189615,0.7928620892976949,0.8002593043098312,0.0444444444444444,-0.022222222222222254,0.011111111111111127,8,2,9,2,6,2/6,0.2890625,26.6942240510073,26.967656454480995,7.754117723133383,6.628161979259801,2.6395304539814246,0.06973964374117704
17,20,20,False,182,90,27,162,12,8,15,0.6,0.4777777777777778,0.5333333333333333,0.5444444444444444,0.5,0.8099174379820602,0.7856034219189615,0.7667787368659136,0.7794069149255942,0.0444444444444444,0.011111111111111072,-0.0222222222222222,10,1,10,3,7,3/7,0.34375,28.21487911309445,29.815595248184177,10.510394898421675,7.179876534891137,2.87263920359028,0.07404523662908657
17,27,27,True,182,90,27,155,15,12,12,0.5555555555555556,0.4777777777777778,0.5333333333333333,0.5444444444444444,0.4888888888888889,0.8099174379820602,0.7856034219189615,0.7693035005657367,0.7969037905480344,0.055555555555555525,0.011111111111111072,-0.011111111111111072,11,3,12,3,8,3/8,0.2265625,27.190901032345053,29.920535512211146,13.88532420106949,6.893840155945381,3.131339695335106,0.07169559906720435
17,35,35,False,182,90,27,147,16,19,11,0.45714285714285713,0.4777777777777778,0.5333333333333333,0.5222222222222223,0.5111111111111111,0.8099174379820602,0.7856034219189615,0.7795978635387717,0.8244228333586467,0.011111111111111183,-0.011111111111111072,-0.03333333333333327,9,3,10,4,5,4/5,1.0,26.86026064379818,30.970961387413134,17.234408406102258,6.716385449833484,2.5845098445295855,0.07410003944078175
17,50,50,False,182,90,27,132,18,32,9,0.36,0.4777777777777778,0.5333333333333333,0.5666666666666667,0.5,0.8099174379820602,0.7856034219189615,0.7585230496971271,0.7896785263845953,0.06666666666666665,0.033333333333333326,-0.0222222222222222,12,7,14,3,9,3/9,0.14599609375,26.382857195475456,33.9870839884427,25.543044848906828,6.395814489049969,2.924608835129362,0.0744150721458175
18,5,5,False,177,90,26,172,5,0,21,1.0,0.5666666666666667,0.5888888888888889,0.5777777777777777,0.5666666666666667,0.7200756505694872,0.6785293954728164,0.6793851721538304,0.7237507071967615,0.011111111111111072,-0.011111111111111183,0.0,11,1,9,5,6,5/6,1.0,27.299231274909655,26.802337182096757,3.507126935766429,6.353342238898899,2.1527434586974175,0.07124497874019751
18,10,10,False,177,90,26,167,10,0,16,1.0,0.5666666666666667,0.5888888888888889,0.5555555555555556,0.5666666666666667,0.7200756505694872,0.6785293954728164,0.686732920883397,0.7245338331097841,-0.011111111111111072,-0.033333333333333326,0.0,13,3,9,7,6,7/6,1.0,26.3495750746646,25.82617992615211,5.828511741199002,6.805243740585254,2.77014112818571,0.07613286521898842
18,15,15,False,177,90,26,162,12,3,14,0.8,0.5666666666666667,0.5888888888888889,0.5777777777777777,0.5555555555555556,0.7200756505694872,0.6785293954728164,0.6930702183821195,0.7151802498977327,0.022222222222222143,-0.011111111111111183,0.011111111111111072,12,3,11,5,7,5/7,0.7744140625,25.853730265895237,27.137350318241136,10.204778506246184,7.051969816379968,2.4623824883204986,0.07599244676973514
18,20,20,False,177,90,26,157,13,7,13,0.65,0.5666666666666667,0.5888888888888889,0.6111111111111112,0.5333333333333333,0.7200756505694872,0.6785293954728164,0.687438685566262,0.7218494706733831,0.07777777777777783,0.022222222222222254,0.033333333333333326,19,8,14,6,13,6/13,0.1670684814453125,26.08393479387975,28.831632596490298,14.870691469258961,7.311893080224627,2.645147608689978,0.08078445629187032
18,26,26,True,177,90,26,151,15,11,11,0.5769230769230769,0.5666666666666667,0.5888888888888889,0.5777777777777777,0.5444444444444444,0.7200756505694872,0.6785293954728164,0.693273942127747,0.7140553966243642,0.033333333333333326,-0.011111111111111183,0.022222222222222254,15,9,13,6,9,6/9,0.6072387695312499,24.91326695312455,29.144871747297003,16.89086314273564,7.1583645026514855,2.552685139033718,0.07792382453094171
18,35,35,False,177,90,26,142,16,19,10,0.45714285714285713,0.5666666666666667,0.5888888888888889,0.5777777777777777,0.5444444444444444,0.7200756505694872,0.6785293954728164,0.6745271422726741,0.6955321602400755,0.033333333333333326,-0.011111111111111183,0.022222222222222254,9,7,11,3,6,3/6,0.5078125,24.987808788873615,31.64645162173726,21.985319757833935,7.2328805715910836,2.6244380113067685,0.08079027164855414
18,50,50,False,177,90,26,127,19,31,7,0.38,0.5666666666666667,0.5888888888888889,0.5666666666666667,0.4888888888888889,0.7200756505694872,0.6785293954728164,0.6733421338956254,0.6817701341998635,0.07777777777777778,-0.022222222222222254,0.07777777777777778,13,8,12,3,10,3/10,0.09228515625,22.82506476117747,32.08577144873299,26.73297941397641,7.566900847207466,2.8448747778638244,0.07766651328517377
19,5,5,False,175,90,26,170,4,1,22,0.8,0.4777777777777778,0.45555555555555555,0.4666666666666667,0.4888888888888889,0.773808376633901,0.844972802576296,0.8575595529576636,0.7795189765702593,-0.0222222222222222,0.011111111111111127,-0.011111111111111072,12,5,11,7,5,7/5,0.7744140625,26.289732959561498,26.884666682501695,6.946136895591467,5.935029381887989,1.9345996572754378,0.0693997756150384
19,10,10,False,175,90,26,165,9,1,17,0.9,0.4777777777777778,0.45555555555555555,0.4444444444444444,0.4888888888888889,0.773808376633901,0.844972802576296,0.853885446460315,0.7887541406855139,-0.04444444444444445,-0.011111111111111127,-0.011111111111111072,12,3,9,8,4,8/4,0.3876953125,25.825462948667077,26.237574217254828,8.392717109980527,5.733313968721661,1.7550494597857504,0.07005446376448567
19,15,15,False,175,90,26,160,12,3,14,0.8,0.4777777777777778,0.45555555555555555,0.43333333333333335,0.4888888888888889,0.773808376633901,0.844972802576296,0.8604314704664772,0.7889129112926273,-0.055555555555555525,-0.0222222222222222,-0.011111111111111072,13,4,10,9,4,9/4,0.266845703125,25.469658440111616,26.55488884417236,10.548993257453127,5.608119293872434,1.778277965143146,0.06982587946329777
19,20,20,False,175,90,26,155,14,6,12,0.7,0.4777777777777778,0.45555555555555555,0.4666666666666667,0.5111111111111111,0.773808376633901,0.844972802576296,0.8690604476923005,0.7879232764699711,-0.0444444444444444,0.011111111111111127,-0.03333333333333327,12,5,11,8,4,8/4,0.3876953125,24.755537669775528,27.29729598804298,14.35844787213719,5.786511997936168,1.7091511233644796,0.0704036940806964
19,26,26,True,175,90,26,149,14,12,12,0.5384615384615384,0.4777777777777778,0.45555555555555555,0.4888888888888889,0.5222222222222223,0.773808376633901,0.844972802576296,0.8482840586843616,0.7746689738784392,-0.03333333333333338,0.033333333333333326,-0.04444444444444445,13,7,11,8,5,8/5,0.5810546875,25.48685220958312,28.58765079356151,16.92448991551091,5.96180590747471,1.8418778277977057,0.0751368392288607
19,35,35,False,175,90,26,140,16,19,10,0.45714285714285713,0.4777777777777778,0.45555555555555555,0.5,0.5222222222222223,0.773808376633901,0.844972802576296,0.8323562709070704,0.769854243802183,-0.022222222222222254,0.04444444444444445,-0.04444444444444445,12,8,12,7,5,7/5,0.7744140625,24.61582710260709,29.45889226657927,19.589331434895932,6.429355402213691,2.1759576102174583,0.07825031131775922
19,50,50,False,175,90,26,125,20,30,6,0.4,0.4777777777777778,0.45555555555555555,0.5,0.5,0.773808376633901,0.844972802576296,0.8507758080044056,0.8244896712070562,0.0,0.04444444444444445,-0.0222222222222222,12,6,16,6,6,6/6,1.0,21.704095481652644,30.59897602085488,24.717099979277574,5.309891061436934,1.607712886166163,0.065411432772757
