seed,budget,jaccard_raw_vs_plus,jaccard_raw_vs_minus,jaccard_plus_vs_minus,n_overlap_plus_minus,sel_canon_plus,sel_canon_minus,sel_raw
0,26,1.0,0.0,0.0,0,6 14 28 29 30 42 54 59 62 69 74 79 84 90 93 100 119 128 134 136 140 150 153 163 169 173,7 17 25 32 35 36 45 49 55 67 86 94 95 97 101 105 113 114 116 118 123 137 144 146 154 155,6 14 28 29 30 42 54 59 62 69 74 79 84 90 93 100 119 128 134 136 140 150 153 163 169 173
1,26,0.0,1.0,0.0,0,1 2 6 19 30 36 58 59 66 69 73 74 80 81 86 96 97 128 129 136 137 141 145 149 158 165,4 12 13 14 37 38 55 65 78 91 106 109 120 121 131 134 139 154 156 160 162 163 166 172 174 176,4 12 13 14 37 38 55 65 78 91 106 109 120 121 131 134 139 154 156 160 162 163 166 172 174 176
2,27,0.0,1.0,0.0,0,0 2 13 17 29 38 52 56 62 75 76 91 94 103 104 108 118 128 129 130 132 134 136 145 150 170 177,19 21 26 30 36 40 43 51 57 61 66 99 102 106 109 110 114 119 120 121 123 138 148 156 161 169 179,19 21 26 30 36 40 43 51 57 61 66 99 102 106 109 110 114 119 120 121 123 138 148 156 161 169 179
3,27,0.0,1.0,0.0,0,41 42 46 51 57 59 64 65 66 67 70 71 72 75 79 103 113 114 120 125 126 133 142 156 158 159 167,1 4 17 18 21 25 31 33 48 49 52 56 63 69 77 92 94 98 104 110 130 138 152 154 162 169 171,1 4 17 18 21 25 31 33 48 49 52 56 63 69 77 92 94 98 104 110 130 138 152 154 162 169 171
4,27,0.0,1.0,0.0,0,6 15 30 41 48 56 58 72 74 81 84 86 92 100 103 109 112 121 130 150 151 155 159 160 162 172 179,4 8 10 18 19 21 24 27 44 47 54 68 85 87 91 99 105 122 126 129 131 134 137 142 144 153 154,4 8 10 18 19 21 24 27 44 47 54 68 85 87 91 99 105 122 126 129 131 134 137 142 144 153 154
5,26,0.0,1.0,0.0,0,2 3 5 6 7 26 32 46 58 62 77 78 81 82 90 108 115 118 141 148 152 164 171 172 175 176,0 11 18 19 27 38 40 41 42 44 50 61 63 65 70 73 83 92 94 128 135 139 153 159 166 170,0 11 18 19 27 38 40 41 42 44 50 61 63 65 70 73 83 92 94 128 135 139 153 159 166 170
6,27,0.0,1.0,0.0,0,1 4 13 22 42 48 62 63 65 73 74 78 82 83 90 96 99 106 112 136 141 145 151 155 161 175 179,7 9 11 14 15 24 25 27 29 31 32 33 35 40 43 44 53 58 68 101 102 111 123 128 131 148 166,7 9 11 14 15 24 25 27 29 31 32 33 35 40 43 44 53 58 68 101 102 111 123 128 131 148 166
7,26,0.0,1.0,0.0,0,17 20 22 33 34 37 39 43 58 66 67 71 74 80 85 116 119 124 138 139 141 159 162 167 170 174,5 8 9 16 21 30 31 55 69 79 83 107 108 131 132 134 135 143 144 146 150 152 156 160 165 166,5 8 9 16 21 30 31 55 69 79 83 107 108 131 132 134 135 143 144 146 150 152 156 160 165 166
8,26,0.0,1.0,0.0,0,11 12 23 48 60 61 64 65 75 77 86 90 94 96 98 103 107 111 116 117 122 129 139 142 156 173,3 5 6 9 14 18 27 41 55 56 58 63 67 70 88 93 104 110 113 124 133 149 153 155 165 178,3 5 6 9 14 18 27 41 55 56 58 63 67 70 88 93 104 110 113 124 133 149 153 155 165 178
9,27,0.0,1.0,0.0,0,3 9 11 17 26 28 29 33 35 36 50 57 61 83 115 123 133 136 137 149 150 159 164 166 171 172 177,4 6 8 31 38 39 42 47 64 70 91 104 114 118 126 130 147 152 153 156 157 160 161 162 169 170 175,4 6 8 31 38 39 42 47 64 70 91 104 114 118 126 130 147 152 153 156 157 160 161 162 169 170 175
10,27,0.0,1.0,0.0,0,3 19 25 34 37 44 46 51 58 60 77 79 82 85 88 120 121 131 137 144 145 147 149 152 153 160 169,0 2 6 9 21 39 57 59 65 66 76 80 86 92 93 98 99 103 108 111 112 115 117 133 142 154 171,0 2 6 9 21 39 57 59 65 66 76 80 86 92 93 98 99 103 108 111 112 115 117 133 142 154 171
11,26,0.0,1.0,0.0,0,15 24 28 38 49 58 65 73 75 76 79 112 113 126 128 129 131 133 135 139 145 146 150 160 165 167,16 18 37 41 47 53 69 74 77 78 82 90 91 93 103 111 124 141 148 151 157 158 159 169 172 174,16 18 37 41 47 53 69 74 77 78 82 90 91 93 103 111 124 141 148 151 157 158 159 169 172 174
12,27,0.0,1.0,0.0,0,1 13 15 18 20 26 27 28 32 41 51 68 70 72 73 76 90 96 100 114 137 142 144 150 155 158 163,0 4 17 19 21 25 30 47 56 58 59 62 75 85 94 106 112 117 118 119 126 128 134 135 139 167 171,0 4 17 19 21 25 30 47 56 58 59 62 75 85 94 106 112 117 118 119 126 128 134 135 139 167 171
13,26,0.0,1.0,0.0,0,1 3 12 30 33 36 38 43 48 49 62 66 69 84 103 104 107 112 124 126 130 139 146 151 154 172,8 11 14 15 27 32 34 45 46 47 53 57 61 67 72 75 85 98 99 113 115 133 144 147 150 170,8 11 14 15 27 32 34 45 46 47 53 57 61 67 72 75 85 98 99 113 115 133 144 147 150 170
14,26,0.0,1.0,0.0,0,21 22 24 33 35 37 44 56 61 63 68 83 89 100 104 111 112 113 124 133 142 148 150 156 166 177,3 13 23 25 43 50 52 57 59 65 70 75 78 90 93 108 109 141 144 145 146 147 149 151 161 172,3 13 23 25 43 50 52 57 59 65 70 75 78 90 93 108 109 141 144 145 146 147 149 151 161 172
15,27,0.0,1.0,0.0,0,1 3 6 11 21 29 33 48 50 52 56 57 63 69 81 84 97 98 99 102 103 109 113 115 118 149 172,22 25 34 40 45 67 74 88 89 93 100 107 108 117 126 132 137 140 143 153 156 157 160 163 169 174 179,22 25 34 40 45 67 74 88 89 93 100 107 108 117 126 132 137 140 143 153 156 157 160 163 169 174 179
16,27,0.0,1.0,0.0,0,7 9 35 39 44 49 61 70 72 73 77 81 108 111 122 123 126 139 141 145 146 162 164 165 168 175 182,8 13 15 19 25 30 34 38 48 54 55 57 67 75 82 83 86 117 118 131 136 149 167 170 173 176 180,8 13 15 19 25 30 34 38 48 54 55 57 67 75 82 83 86 117 118 131 136 149 167 170 173 176 180
17,27,1.0,0.0,0.0,0,0 6 8 21 40 58 60 65 67 73 81 97 104 105 113 117 121 122 125 127 132 138 142 147 154 166 177,5 10 16 20 26 27 28 33 34 44 51 57 75 83 88 98 102 103 106 119 123 129 134 160 163 165 170,0 6 8 21 40 58 60 65 67 73 81 97 104 105 113 117 121 122 125 127 132 138 142 147 154 166 177
18,26,1.0,0.0,0.0,0,1 5 9 13 22 42 45 48 51 61 69 78 79 87 93 108 109 112 120 128 131 138 141 143 149 160,6 31 33 34 44 52 53 72 76 77 99 101 105 111 119 121 122 125 127 135 139 140 154 155 157 170,1 5 9 13 22 42 45 48 51 61 69 78 79 87 93 108 109 112 120 128 131 138 141 143 149 160
19,26,0.0,1.0,0.0,0,5 6 7 12 13 18 28 29 34 42 58 60 79 80 101 104 110 111 118 122 125 137 141 150 156 161,2 8 9 14 19 22 23 33 40 45 50 52 65 66 74 75 85 103 109 112 117 127 145 148 155 162,2 8 9 14 19 22 23 33 40 45 50 52 65 66 74 75 85 103 109 112 117 127 145 148 155 162
