seed,arm,n_train,budget,eig1,eig2,relative_eigengap,raw_equals_canon_plus,argmax_abs_coord,v_coord_at_argmax,acc_poisoned,logloss_poisoned,acc_clean,logloss_clean,theta_displacement,mean_alignment_selected,auroc_pre_attack__self_influence,prec_pre_attack__self_influence,auroc_pre_attack__cross_fit,prec_pre_attack__cross_fit,auroc_pre_attack__training_dynamics,prec_pre_attack__training_dynamics,auroc_pre_attack__ensemble,prec_pre_attack__ensemble,auroc_clean_head__self_influence,prec_clean_head__self_influence,auroc_clean_head__cross_fit,prec_clean_head__cross_fit,auroc_clean_head__training_dynamics,prec_clean_head__training_dynamics,auroc_clean_head__ensemble,prec_clean_head__ensemble,auroc_poisoned_refit__self_influence,prec_poisoned_refit__self_influence,auroc_poisoned_refit__cross_fit,prec_poisoned_refit__cross_fit,auroc_poisoned_refit__training_dynamics,prec_poisoned_refit__training_dynamics,auroc_poisoned_refit__ensemble,prec_poisoned_refit__ensemble,margin_rev_pre_attack,margin_ret_pre_attack,disagree_rev_pre_attack,disagree_ret_pre_attack,leverage_rev_pre_attack,leverage_ret_pre_attack,selfinf_rev_pre_attack,selfinf_ret_pre_attack,margin_rev_clean_head,margin_ret_clean_head,disagree_rev_clean_head,disagree_ret_clean_head,leverage_rev_clean_head,leverage_ret_clean_head,selfinf_rev_clean_head,selfinf_ret_clean_head,margin_rev_poisoned_refit,margin_ret_poisoned_refit,disagree_rev_poisoned_refit,disagree_ret_poisoned_refit,leverage_rev_poisoned_refit,leverage_ret_poisoned_refit,selfinf_rev_poisoned_refit,selfinf_ret_poisoned_refit
0,raw,176,26,0.011553322683291895,0.007341719045425014,0.36453613850477745,True,294,0.17700439984769667,0.5111111111111111,0.8146021174906423,0.6,0.6730835839727335,35.882773004220375,0.1216676812386567,0.7156410256410256,0.38461538461538464,0.75,0.5384615384615384,0.5784615384615385,0.19230769230769232,0.7033333333333334,0.38461538461538464,0.9928205128205129,0.9615384615384616,0.4341025641025641,0.15384615384615385,0.9974358974358974,0.9230769230769231,0.8743589743589744,0.4230769230769231,0.31666666666666665,0.0,0.3082051282051282,0.0,0.2969230769230769,0.0,0.29205128205128206,0.0,1.178782846524809,1.48608294762965,0.0833408128459035,0.06982320158730453,603.4141660030194,626.4899187847883,35.80223626269715,19.07382232301233,-1.178782846524809,1.48608294762965,0.562495195238183,0.06982320158730453,603.4141660030194,626.4899187847883,384.44131611349053,19.07382232301233,2.9239415969003457,1.9989531762977777,0.01193535843456314,0.060342684639793615,1178.8459616866335,818.9854904246835,6.122350151155637,15.53763556841521
0,canon_plus,176,26,0.011553322683291895,0.007341719045425014,0.36453613850477745,True,294,0.17700439984769667,0.5111111111111111,0.8146021174906423,0.6,0.6730835839727335,35.882773004220375,0.1216676812386567,0.7156410256410256,0.38461538461538464,0.75,0.5384615384615384,0.5784615384615385,0.19230769230769232,0.7033333333333334,0.38461538461538464,0.9928205128205129,0.9615384615384616,0.4341025641025641,0.15384615384615385,0.9974358974358974,0.9230769230769231,0.8743589743589744,0.4230769230769231,0.31666666666666665,0.0,0.3082051282051282,0.0,0.2969230769230769,0.0,0.29205128205128206,0.0,1.178782846524809,1.48608294762965,0.0833408128459035,0.06982320158730453,603.4141660030194,626.4899187847883,35.80223626269715,19.07382232301233,-1.178782846524809,1.48608294762965,0.562495195238183,0.06982320158730453,603.4141660030194,626.4899187847883,384.44131611349053,19.07382232301233,2.9239415969003457,1.9989531762977777,0.01193535843456314,0.060342684639793615,1178.8459616866335,818.9854904246835,6.122350151155637,15.53763556841521
0,canon_minus,176,26,0.011553322683291895,0.007341719045425014,0.36453613850477745,True,294,-0.17700439984769667,0.4,0.8355054773163144,0.6,0.6730835839727335,31.064495303557646,0.2025192368361054,0.28025641025641024,0.038461538461538464,0.33,0.15384615384615385,0.19153846153846155,0.0,0.2558974358974359,0.038461538461538464,1.0,1.0,0.7387179487179487,0.46153846153846156,1.0,1.0,0.9519230769230769,0.7307692307692307,0.2569230769230769,0.038461538461538464,0.2417948717948718,0.07692307692307693,0.17153846153846153,0.0,0.20615384615384616,0.038461538461538464,2.444748530337754,1.2666488957687392,0.01957213758857991,0.08087643863190726,1170.0700060729764,528.2695731726625,12.364182035385168,23.136418389079743,-2.444748530337754,1.2666488957687392,0.7970793256345293,0.08087643863190726,1170.0700060729764,528.2695731726625,1004.4736914106107,23.136418389079743,2.448494651662736,1.2815729473955328,0.01616908984785448,0.08238623159517704,1174.7587007159082,551.8409975483705,11.049972145023666,23.002832812829748
1,raw,177,26,0.01194027210659715,0.007062603327109506,0.40850566351772427,False,294,-0.17471656308976719,0.5222222222222223,0.8095990268386545,0.5555555555555556,0.7245246395997155,31.079795610492198,0.19833923035604256,0.25802343352012225,0.07692307692307693,0.2674477840040754,0.07692307692307693,0.1543555781966378,0.0,0.2119205298013245,0.07692307692307693,1.0,1.0,0.7682119205298014,0.5,1.0,1.0,0.9560621497707591,0.7692307692307693,0.2618441161487519,0.0,0.31558838512480897,0.07692307692307693,0.16250636780438105,0.0,0.21790626591951096,0.0,2.476350631357187,1.1836866013756782,0.016325229655556453,0.09049483835210212,1211.1276773423085,498.643388497868,11.509551629789412,24.094771188681296,-2.476350631357187,1.1836866013756782,0.8118721760907281,0.09049483835210212,1211.1276773423085,498.643388497868,1041.6470390801328,24.094771188681296,2.44676616210771,1.1815366033777768,0.014686561288628129,0.0917355867456338,1215.6409327127433,527.692784539216,11.005525708561512,23.163104666380015
1,canon_plus,177,26,0.01194027210659715,0.007062603327109506,0.40850566351772427,False,294,0.17471656308976719,0.5555555555555556,0.7603002925165874,0.5555555555555556,0.7245246395997155,35.907446725866535,0.13149969272332582,0.6696383087111564,0.34615384615384615,0.6841569026999491,0.46153846153846156,0.5066225165562914,0.11538461538461539,0.6390728476821192,0.34615384615384615,0.9824248599083036,0.9230769230769231,0.4684156902699949,0.2692307692307692,0.9839531329597555,0.8846153846153846,0.8639836984207845,0.46153846153846156,0.3053998981151299,0.0,0.3127865511971472,0.038461538461538464,0.25776872134488027,0.0,0.27457972491085075,0.0,1.282515427748365,1.389247629811634,0.08816756690205654,0.0781246345878041,701.3279492552457,586.4234741287528,35.97716982906889,19.88180381661993,-1.282515427748365,1.389247629811634,0.5869953792238379,0.0781246345878041,701.3279492552457,586.4234741287528,475.92236755698434,19.88180381661993,3.211378189620708,1.9354265879728512,0.008616982657823511,0.06844578274279238,1349.8104240582886,770.2409861077922,6.05191198921987,15.98708725591309
1,canon_minus,177,26,0.01194027210659715,0.007062603327109506,0.40850566351772427,False,294,-0.17471656308976719,0.5222222222222223,0.8095990268386545,0.5555555555555556,0.7245246395997155,31.079795610492198,0.19833923035604256,0.25802343352012225,0.07692307692307693,0.2674477840040754,0.07692307692307693,0.1543555781966378,0.0,0.2119205298013245,0.07692307692307693,1.0,1.0,0.7682119205298014,0.5,1.0,1.0,0.9560621497707591,0.7692307692307693,0.2618441161487519,0.0,0.31558838512480897,0.07692307692307693,0.16250636780438105,0.0,0.21790626591951096,0.0,2.476350631357187,1.1836866013756782,0.016325229655556453,0.09049483835210212,1211.1276773423085,498.643388497868,11.509551629789412,24.094771188681296,-2.476350631357187,1.1836866013756782,0.8118721760907281,0.09049483835210212,1211.1276773423085,498.643388497868,1041.6470390801328,24.094771188681296,2.44676616210771,1.1815366033777768,0.014686561288628129,0.0917355867456338,1215.6409327127433,527.692784539216,11.005525708561512,23.163104666380015
2,raw,180,27,0.011703559458998907,0.006670074387986189,0.4300815566961942,False,245,-0.19179371870255177,0.5333333333333333,0.7811528488265524,0.5666666666666667,0.6667273855526471,30.510850018511327,0.19635728972067287,0.19849915274751875,0.0,0.18010167029774873,0.0,0.14040183974824497,0.0,0.144880174291939,0.0,1.0,1.0,0.8361171629145485,0.5185185185185185,1.0,1.0,0.9774872912127814,0.8518518518518519,0.25393367223432584,0.037037037037037035,0.2786250302590172,0.07407407407407407,0.1803437424352457,0.0,0.21822803195352214,0.0,2.4645978886109146,1.1822239892852628,0.011938197163196494,0.08933491037510255,1037.778887518777,514.5310974897815,9.35483513090842,25.148029768650513,-2.4645978886109146,1.1822239892852628,0.8173082115201097,0.08933491037510255,1037.778887518777,514.5310974897815,882.0583531642471,25.148029768650513,2.2313494170799713,1.1619427983675046,0.019069784731318856,0.0944289778760936,1036.9379591149693,532.7302320400436,12.39214331459876,26.439357310779805
2,canon_plus,180,27,0.011703559458998907,0.006670074387986189,0.4300815566961942,False,245,0.19179371870255177,0.5555555555555556,0.7163354540888734,0.5666666666666667,0.6667273855526471,36.55460278703417,0.12446590012580137,0.6710239651416122,0.37037037037037035,0.7208908254659888,0.48148148148148145,0.5250544662309368,0.18518518518518517,0.6693294601791334,0.2962962962962963,0.981118373275236,0.9259259259259259,0.42677317840716533,0.2222222222222222,0.9874122488501573,0.8518518518518519,0.8528201404018397,0.4074074074074074,0.31251512950859356,0.0,0.3202614379084967,0.037037037037037035,0.29000242072137494,0.0,0.294480755265069,0.0,1.2898016291441774,1.3895409762499813,0.08688900776247016,0.07610829673993663,668.5231102954477,579.6938817056632,34.65153886599311,20.683905580106156,-1.2898016291441774,1.3895409762499813,0.5814088693928537,0.07610829673993663,668.5231102954477,579.6938817056632,451.20903302295307,20.683905580106156,3.0017766812933284,1.8868276757252433,0.013668585074865514,0.06877525993051001,1356.7582141314278,734.5465766736902,7.869755574972446,17.971482288718406
2,canon_minus,180,27,0.011703559458998907,0.006670074387986189,0.4300815566961942,False,245,-0.19179371870255177,0.5333333333333333,0.7811528488265524,0.5666666666666667,0.6667273855526471,30.510850018511327,0.19635728972067287,0.19849915274751875,0.0,0.18010167029774873,0.0,0.14040183974824497,0.0,0.144880174291939,0.0,1.0,1.0,0.8361171629145485,0.5185185185185185,1.0,1.0,0.9774872912127814,0.8518518518518519,0.25393367223432584,0.037037037037037035,0.2786250302590172,0.07407407407407407,0.1803437424352457,0.0,0.21822803195352214,0.0,2.4645978886109146,1.1822239892852628,0.011938197163196494,0.08933491037510255,1037.778887518777,514.5310974897815,9.35483513090842,25.148029768650513,-2.4645978886109146,1.1822239892852628,0.8173082115201097,0.08933491037510255,1037.778887518777,514.5310974897815,882.0583531642471,25.148029768650513,2.2313494170799713,1.1619427983675046,0.019069784731318856,0.0944289778760936,1036.9379591149693,532.7302320400436,12.39214331459876,26.439357310779805
3,raw,180,27,0.011222190479179878,0.00809694484804303,0.2784880221855976,False,222,-0.15160850010028712,0.5555555555555556,0.6697029064184038,0.4888888888888889,0.7539457234539475,35.162475261090464,0.13809655835678272,0.6407649479544905,0.3333333333333333,0.6698136044541273,0.37037037037037035,0.5083514887436456,0.1111111111111111,0.6218833212297264,0.3333333333333333,0.990559186637618,0.9259259259259259,0.5405470830307432,0.2222222222222222,0.9937061244250787,0.9259259259259259,0.8925199709513435,0.5555555555555556,0.28854998789639313,0.0,0.2783829581215202,0.0,0.271362866134108,0.0,0.2726942628903413,0.0,1.444354844810172,1.49130306689924,0.06844749325359895,0.06561134507329189,749.7282499672774,640.51167176317,28.24609236854783,19.600209164566976,-1.444354844810172,1.49130306689924,0.621883750219184,0.06561134507329189,749.7282499672774,640.51167176317,536.4995311675941,19.600209164566976,3.1108267245845385,1.9536827483324342,0.010345085211798463,0.05974118434562185,1435.765248067489,826.6637307919193,6.345076916978558,16.71181208332648
3,canon_plus,180,27,0.011222190479179878,0.00809694484804303,0.2784880221855976,False,222,0.15160850010028712,0.36666666666666664,0.9935398711416424,0.4888888888888889,0.7539457234539475,31.400827591419585,0.1814209762426182,0.2737835875090777,0.07407407407407407,0.27620430888404746,0.1111111111111111,0.2084241103848947,0.0,0.24521907528443476,0.07407407407407407,1.0,1.0,0.7976276930525297,0.48148148148148145,1.0,1.0,0.961994674412975,0.8148148148148148,0.307915758896151,0.037037037037037035,0.3309126119583636,0.07407407407407407,0.23698862260953765,0.0,0.28177196804647786,0.037037037037037035,2.271226637645463,1.3453845152224237,0.018661246718475324,0.07439715328537252,1014.8818340419951,593.7198628088082,12.474970699970182,22.383348282551268,-2.271226637645463,1.3453845152224237,0.7929176598260109,0.07439715328537252,1014.8818340419951,593.7198628088082,844.9957987084531,22.383348282551268,2.338480831395656,1.3860859706077013,0.020006506156257712,0.07802395988338735,1145.735708913954,639.5223281440337,12.46373679767779,23.34911697898307
3,canon_minus,180,27,0.011222190479179878,0.00809694484804303,0.2784880221855976,False,222,-0.15160850010028712,0.5555555555555556,0.6697029064184038,0.4888888888888889,0.7539457234539475,35.162475261090464,0.13809655835678272,0.6407649479544905,0.3333333333333333,0.6698136044541273,0.37037037037037035,0.5083514887436456,0.1111111111111111,0.6218833212297264,0.3333333333333333,0.990559186637618,0.9259259259259259,0.5405470830307432,0.2222222222222222,0.9937061244250787,0.9259259259259259,0.8925199709513435,0.5555555555555556,0.28854998789639313,0.0,0.2783829581215202,0.0,0.271362866134108,0.0,0.2726942628903413,0.0,1.444354844810172,1.49130306689924,0.06844749325359895,0.06561134507329189,749.7282499672774,640.51167176317,28.24609236854783,19.600209164566976,-1.444354844810172,1.49130306689924,0.621883750219184,0.06561134507329189,749.7282499672774,640.51167176317,536.4995311675941,19.600209164566976,3.1108267245845385,1.9536827483324342,0.010345085211798463,0.05974118434562185,1435.765248067489,826.6637307919193,6.345076916978558,16.71181208332648
4,raw,183,27,0.010849547760751607,0.007505067818866,0.3082598478421663,False,222,-0.1787234823977683,0.5333333333333333,0.7149777698598094,0.5,0.6977728219358806,36.020514099912184,0.129006737207432,0.6873219373219374,0.37037037037037035,0.7110636277302944,0.4074074074074074,0.5311016144349477,0.18518518518518517,0.6593067426400759,0.37037037037037035,0.9952516619183286,0.9629629629629629,0.4795821462488129,0.18518518518518517,0.99335232668566,0.9259259259259259,0.8790360873694207,0.48148148148148145,0.2815764482431149,0.0,0.27706552706552706,0.037037037037037035,0.25,0.0,0.2621082621082621,0.0,1.2498627322526001,1.3990013318510774,0.07875722631070914,0.07066567029253933,663.3159034904874,590.5739428667457,35.15382434905351,19.8721779838134,-1.2498627322526001,1.3990013318510774,0.5854223198174056,0.07066567029253933,663.3159034904874,590.5739428667457,433.72679391470126,19.8721779838134,3.0366983229363433,1.887148263445093,0.009333691046236652,0.06203813732279776,1317.332088967832,759.2326772635895,6.090736298194953,16.65597071276454
4,canon_plus,183,27,0.010849547760751607,0.007505067818866,0.3082598478421663,False,222,0.1787234823977683,0.4111111111111111,0.9005152171371066,0.5,0.6977728219358806,30.51342148183161,0.18988431701276354,0.2656695156695157,0.0,0.21771130104463438,0.037037037037037035,0.1787749287749288,0.0,0.19943019943019943,0.0,1.0,1.0,0.8314339981006648,0.5555555555555556,1.0,1.0,0.9759021842355176,0.8148148148148148,0.24287749287749288,0.0,0.2345679012345679,0.037037037037037035,0.17663817663817663,0.0,0.1981244064577398,0.0,2.247544519276582,1.2263256379430807,0.01794581064744693,0.08119072300348855,1053.712436419024,523.0053121675759,11.941456684167926,23.889703156582062,-2.247544519276582,1.2263256379430807,0.787760535665294,0.08119072300348855,1053.712436419024,523.0053121675759,880.6249114831329,23.889703156582062,2.4694634122706014,1.277200993357009,0.015175686502788725,0.08394259693486046,1196.2981405261937,570.2906133455245,9.844099259199615,23.53365729357385
4,canon_minus,183,27,0.010849547760751607,0.007505067818866,0.3082598478421663,False,222,-0.1787234823977683,0.5333333333333333,0.7149777698598094,0.5,0.6977728219358806,36.020514099912184,0.129006737207432,0.6873219373219374,0.37037037037037035,0.7110636277302944,0.4074074074074074,0.5311016144349477,0.18518518518518517,0.6593067426400759,0.37037037037037035,0.9952516619183286,0.9629629629629629,0.4795821462488129,0.18518518518518517,0.99335232668566,0.9259259259259259,0.8790360873694207,0.48148148148148145,0.2815764482431149,0.0,0.27706552706552706,0.037037037037037035,0.25,0.0,0.2621082621082621,0.0,1.2498627322526001,1.3990013318510774,0.07875722631070914,0.07066567029253933,663.3159034904874,590.5739428667457,35.15382434905351,19.8721779838134,-1.2498627322526001,1.3990013318510774,0.5854223198174056,0.07066567029253933,663.3159034904874,590.5739428667457,433.72679391470126,19.8721779838134,3.0366983229363433,1.887148263445093,0.009333691046236652,0.06203813732279776,1317.332088967832,759.2326772635895,6.090736298194953,16.65597071276454
5,raw,177,26,0.011727656583136218,0.008077585363302884,0.3112361957359796,False,222,-0.18535959148657785,0.5333333333333333,0.7708893072708133,0.5,0.779393261298339,34.80243948209968,0.13032887731528517,0.6676006113092205,0.34615384615384615,0.67396841569027,0.38461538461538464,0.5104431991849211,0.15384615384615385,0.6318135506877228,0.2692307692307692,0.9946510443199185,0.9230769230769231,0.5025471217524198,0.23076923076923078,0.9946510443199185,0.8846153846153846,0.8797758532857871,0.46153846153846156,0.3000509424350484,0.0,0.3138053998981151,0.07692307692307693,0.26617422312786554,0.0,0.2860417727967397,0.0,1.3649674529654412,1.4460712188243805,0.07694347662690014,0.07111905431086521,737.9620690368127,604.0954760770092,31.78501360468844,18.87441356975965,-1.3649674529654412,1.4460712188243805,0.6044989229647922,0.07111905431086521,737.9620690368127,604.0954760770092,519.1725832888427,18.87441356975965,2.9686623460802295,1.9274318049059052,0.00755393049210613,0.06621414423630442,1299.827507873142,790.9703988204678,5.6714190878835105,16.26991671721121
5,canon_plus,177,26,0.011727656583136218,0.008077585363302884,0.3112361957359796,False,222,0.18535959148657785,0.4111111111111111,0.9368311799918323,0.5,0.779393261298339,31.297440967278096,0.2023170702030012,0.23560876209882833,0.038461538461538464,0.3140601120733571,0.15384615384615385,0.1357615894039735,0.0,0.21828833418237392,0.038461538461538464,1.0,1.0,0.7401935812531839,0.5384615384615384,1.0,1.0,0.9416709118695874,0.7307692307692307,0.3010697911360163,0.07692307692307693,0.2850229240957718,0.11538461538461539,0.20249617931737138,0.0,0.2401935812531839,0.038461538461538464,2.455631238563573,1.2582748054101325,0.012145475451039646,0.08227632603651006,1064.7952258644586,547.8195682788714,9.953880320307233,22.63341665183853,-2.455631238563573,1.2582748054101325,0.8237521176011451,0.08227632603651006,1064.7952258644586,547.8195682788714,901.8599568173754,22.63341665183853,2.3225120643088406,1.2517527065648817,0.02080505496047874,0.08548652053543386,1128.6563385183936,578.3437111180747,13.349472265786877,23.15734974827056
5,canon_minus,177,26,0.011727656583136218,0.008077585363302884,0.3112361957359796,False,222,-0.18535959148657785,0.5333333333333333,0.7708893072708133,0.5,0.779393261298339,34.80243948209968,0.13032887731528517,0.6676006113092205,0.34615384615384615,0.67396841569027,0.38461538461538464,0.5104431991849211,0.15384615384615385,0.6318135506877228,0.2692307692307692,0.9946510443199185,0.9230769230769231,0.5025471217524198,0.23076923076923078,0.9946510443199185,0.8846153846153846,0.8797758532857871,0.46153846153846156,0.3000509424350484,0.0,0.3138053998981151,0.07692307692307693,0.26617422312786554,0.0,0.2860417727967397,0.0,1.3649674529654412,1.4460712188243805,0.07694347662690014,0.07111905431086521,737.9620690368127,604.0954760770092,31.78501360468844,18.87441356975965,-1.3649674529654412,1.4460712188243805,0.6044989229647922,0.07111905431086521,737.9620690368127,604.0954760770092,519.1725832888427,18.87441356975965,2.9686623460802295,1.9274318049059052,0.00755393049210613,0.06621414423630442,1299.827507873142,790.9703988204678,5.6714190878835105,16.26991671721121
6,raw,181,27,0.012289542058847977,0.007777738436537415,0.36712544704318295,False,380,-0.17083073700089996,0.5,0.7772934267077966,0.5222222222222223,0.6908206309294624,30.731552205150653,0.21088031553548958,0.21813371813371812,0.0,0.26142376142376145,0.14814814814814814,0.14959114959114958,0.0,0.19276094276094277,0.0,1.0,1.0,0.7741702741702742,0.48148148148148145,1.0,1.0,0.9587542087542088,0.7777777777777778,0.26551226551226553,0.0,0.25998075998076,0.07407407407407407,0.1931216931216931,0.0,0.22294372294372294,0.0,2.559677109891683,1.2634628272267054,0.012521524777446539,0.08385884629655535,1178.8743766833516,565.3686338657725,9.570879329400192,25.06227127038708,-2.559677109891683,1.2634628272267054,0.8238675617029074,0.08385884629655535,1178.8743766833516,565.3686338657725,1022.2050829227185,25.06227127038708,2.273063367975117,1.225697344936204,0.018623321704990415,0.08736643652941063,1134.934113169449,572.7888505129653,12.477653323830383,25.300169972676265
6,canon_plus,181,27,0.012289542058847977,0.007777738436537415,0.36712544704318295,False,380,0.17083073700089996,0.4777777777777778,0.8468573198762671,0.5222222222222223,0.6908206309294624,36.2939904897664,0.11901484555240842,0.7816257816257817,0.5185185185185185,0.7967772967772968,0.4444444444444444,0.6433381433381433,0.25925925925925924,0.7639490139490139,0.5185185185185185,0.982924482924483,0.9259259259259259,0.38985088985088984,0.07407407407407407,0.9882154882154882,0.9259259259259259,0.8376623376623377,0.4074074074074074,0.335978835978836,0.037037037037037035,0.3164983164983165,0.037037037037037035,0.3179413179413179,0.0,0.31625781625781624,0.0,1.0218727520644377,1.5330778769756381,0.11014851030803768,0.06674242675547767,626.1903295509475,662.2677849863887,42.89605031041887,19.21954648800069,-1.0218727520644377,1.5330778769756381,0.5199414466376305,0.06674242675547767,626.1903295509475,662.2677849863887,391.60009534527813,19.21954648800069,3.0339657202877697,2.203762528917109,0.011988107621264206,0.05612479674865742,1310.2262312387581,893.0613271226284,6.5014031022693315,15.367577923516935
6,canon_minus,181,27,0.012289542058847977,0.007777738436537415,0.36712544704318295,False,380,-0.17083073700089996,0.5,0.7772934267077966,0.5222222222222223,0.6908206309294624,30.731552205150653,0.21088031553548958,0.21813371813371812,0.0,0.26142376142376145,0.14814814814814814,0.14959114959114958,0.0,0.19276094276094277,0.0,1.0,1.0,0.7741702741702742,0.48148148148148145,1.0,1.0,0.9587542087542088,0.7777777777777778,0.26551226551226553,0.0,0.25998075998076,0.07407407407407407,0.1931216931216931,0.0,0.22294372294372294,0.0,2.559677109891683,1.2634628272267054,0.012521524777446539,0.08385884629655535,1178.8743766833516,565.3686338657725,9.570879329400192,25.06227127038708,-2.559677109891683,1.2634628272267054,0.8238675617029074,0.08385884629655535,1178.8743766833516,565.3686338657725,1022.2050829227185,25.06227127038708,2.273063367975117,1.225697344936204,0.018623321704990415,0.08736643652941063,1134.934113169449,572.7888505129653,12.477653323830383,25.300169972676265
7,raw,176,26,0.011648195790933352,0.007687159929981735,0.34005574185444093,False,222,-0.18422537433876365,0.5666666666666667,0.8332404634032282,0.5333333333333333,0.7046233698501747,36.47271358391555,0.12314415127981383,0.6984615384615385,0.4230769230769231,0.658974358974359,0.34615384615384615,0.5671794871794872,0.15384615384615385,0.6617948717948718,0.34615384615384615,0.9856410256410256,0.9230769230769231,0.48333333333333334,0.3076923076923077,0.9897435897435898,0.8846153846153846,0.865897435897436,0.46153846153846156,0.2982051282051282,0.0,0.2764102564102564,0.0,0.28923076923076924,0.0,0.2773076923076923,0.0,1.170652739714483,1.4549448809677983,0.09367255654768689,0.0684142665892606,586.2661359923437,617.3182397753957,35.807946568509216,19.271169843392137,-1.170652739714483,1.4549448809677983,0.5594454498096948,0.0684142665892606,586.2661359923437,617.3182397753957,377.9611084444581,19.271169843392137,3.0913204334525526,2.0145891872433506,0.011223518192325106,0.059658999706913726,1143.5074328381922,824.1216958334501,6.239434596455565,15.635363037107057
7,canon_plus,176,26,0.011648195790933352,0.007687159929981735,0.34005574185444093,False,222,0.18422537433876365,0.5111111111111111,0.7956866012386775,0.5333333333333333,0.7046233698501747,30.929214215633984,0.19732508217209602,0.2358974358974359,0.0,0.2741025641025641,0.11538461538461539,0.15153846153846154,0.0,0.20461538461538462,0.0,1.0,1.0,0.7623076923076924,0.46153846153846156,1.0,1.0,0.9576923076923077,0.7692307692307693,0.25051282051282053,0.0,0.31025641025641026,0.038461538461538464,0.17256410256410257,0.0,0.2255128205128205,0.0,2.456089872373703,1.2321357779735338,0.014440204945518814,0.08214787420030308,1133.7721847717073,522.4171913203061,10.660149026273897,23.630121417379595,-2.456089872373703,1.2321357779735338,0.8110895832925652,0.08214787420030308,1133.7721847717073,522.4171913203061,968.5728628666402,23.630121417379595,2.3193666091433696,1.211739446807641,0.016508466285106035,0.08734121098373905,1174.196930523731,525.6529173463979,11.36405752837616,24.298668434524714
7,canon_minus,176,26,0.011648195790933352,0.007687159929981735,0.34005574185444093,False,222,-0.18422537433876365,0.5666666666666667,0.8332404634032282,0.5333333333333333,0.7046233698501747,36.47271358391555,0.12314415127981383,0.6984615384615385,0.4230769230769231,0.658974358974359,0.34615384615384615,0.5671794871794872,0.15384615384615385,0.6617948717948718,0.34615384615384615,0.9856410256410256,0.9230769230769231,0.48333333333333334,0.3076923076923077,0.9897435897435898,0.8846153846153846,0.865897435897436,0.46153846153846156,0.2982051282051282,0.0,0.2764102564102564,0.0,0.28923076923076924,0.0,0.2773076923076923,0.0,1.170652739714483,1.4549448809677983,0.09367255654768689,0.0684142665892606,586.2661359923437,617.3182397753957,35.807946568509216,19.271169843392137,-1.170652739714483,1.4549448809677983,0.5594454498096948,0.0684142665892606,586.2661359923437,617.3182397753957,377.9611084444581,19.271169843392137,3.0913204334525526,2.0145891872433506,0.011223518192325106,0.059658999706913726,1143.5074328381922,824.1216958334501,6.239434596455565,15.635363037107057
8,raw,179,26,0.012827663681246305,0.007960971911921877,0.37939034653983006,False,294,-0.17085829306519235,0.45555555555555555,0.8702956838598865,0.5111111111111111,0.7552960749225041,30.557319911913762,0.21912772560377886,0.21216691804927099,0.038461538461538464,0.21820010055304173,0.11538461538461539,0.14705882352941177,0.0,0.17873303167420815,0.038461538461538464,1.0,1.0,0.8562091503267973,0.6923076923076923,1.0,1.0,0.970211161387632,0.8461538461538461,0.2905982905982906,0.038461538461538464,0.2893413775766717,0.11538461538461539,0.20361990950226244,0.0,0.24673202614379086,0.038461538461538464,2.725320572988518,1.365311692767552,0.011163415427177449,0.07534723460956845,1296.0521555344244,589.2843400028071,8.501511258243639,21.21843690877111,-2.725320572988518,1.365311692767552,0.8464066594538818,0.07534723460956845,1296.0521555344244,589.2843400028071,1145.9101141952185,21.21843690877111,2.3822115783539215,1.3290424103208136,0.018651510298823296,0.07850866457700728,1171.492289535205,593.8245555157748,12.508007762855714,21.89271222566302
8,canon_plus,179,26,0.012827663681246305,0.007960971911921877,0.37939034653983006,False,294,0.17085829306519235,0.4777777777777778,0.8689672966860774,0.5111111111111111,0.7552960749225041,34.250446448629965,0.12355987737276047,0.7420814479638009,0.3076923076923077,0.7679738562091504,0.46153846153846156,0.594017094017094,0.19230769230769232,0.7252388134741076,0.34615384615384615,0.9801407742584213,0.9230769230769231,0.5128205128205128,0.19230769230769232,0.9909502262443439,0.9230769230769231,0.8814731020613373,0.46153846153846156,0.34338863750628457,0.038461538461538464,0.334841628959276,0.038461538461538464,0.3273001508295626,0.0,0.31862745098039214,0.0,1.2390762853843003,1.6178760815107525,0.0855301938510503,0.06270974285126327,660.9291291274063,697.2137431830846,32.23102221629354,17.185970994331264,-1.2390762853843003,1.6178760815107525,0.5773369255882895,0.06270974285126327,660.9291291274063,697.2137431830846,443.8232430304142,17.185970994331264,2.9048456019782023,2.1708102256947432,0.011210415234855638,0.05652662715607209,1287.1626918124432,899.8320511248163,6.2148727245329445,15.048495270764942
8,canon_minus,179,26,0.012827663681246305,0.007960971911921877,0.37939034653983006,False,294,-0.17085829306519235,0.45555555555555555,0.8702956838598865,0.5111111111111111,0.7552960749225041,30.557319911913762,0.21912772560377886,0.21216691804927099,0.038461538461538464,0.21820010055304173,0.11538461538461539,0.14705882352941177,0.0,0.17873303167420815,0.038461538461538464,1.0,1.0,0.8562091503267973,0.6923076923076923,1.0,1.0,0.970211161387632,0.8461538461538461,0.2905982905982906,0.038461538461538464,0.2893413775766717,0.11538461538461539,0.20361990950226244,0.0,0.24673202614379086,0.038461538461538464,2.725320572988518,1.365311692767552,0.011163415427177449,0.07534723460956845,1296.0521555344244,589.2843400028071,8.501511258243639,21.21843690877111,-2.725320572988518,1.365311692767552,0.8464066594538818,0.07534723460956845,1296.0521555344244,589.2843400028071,1145.9101141952185,21.21843690877111,2.3822115783539215,1.3290424103208136,0.018651510298823296,0.07850866457700728,1171.492289535205,593.8245555157748,12.508007762855714,21.89271222566302
9,raw,180,27,0.012264686145188074,0.00719431408174696,0.4134122963619761,False,222,-0.17185184056150493,0.5777777777777777,0.7658171535284416,0.5111111111111111,0.7817184377190088,35.87006202065658,0.1307203233871366,0.6492374727668845,0.3333333333333333,0.6986201888162672,0.3333333333333333,0.5061728395061729,0.14814814814814814,0.6299927378358751,0.2962962962962963,0.9849915274751876,0.8888888888888888,0.47591382231905105,0.2222222222222222,0.9825708061002179,0.8888888888888888,0.8686758654078915,0.4444444444444444,0.31251512950859356,0.037037037037037035,0.30888404744613895,0.037037037037037035,0.27959331880900506,0.0,0.28963931251512953,0.0,1.3884016708872755,1.4344319095131952,0.08655281994909286,0.07027336529857287,738.5965558814713,617.224956133677,34.76264084273583,19.374134657054064,-1.3884016708872755,1.4344319095131952,0.5995277436502277,0.07027336529857287,738.5965558814713,617.224956133677,528.7223514051699,19.374134657054064,3.1067632553605087,1.944138063850425,0.01249573648656415,0.06342559084350557,1373.950955999411,790.4764843887926,7.248308053066067,16.14966745864639
9,canon_plus,180,27,0.012264686145188074,0.00719431408174696,0.4134122963619761,False,222,0.17185184056150493,0.43333333333333335,0.9000015979704372,0.5111111111111111,0.7817184377190088,30.928925703559184,0.2004152332828395,0.23480997337206488,0.037037037037037035,0.27717259743403533,0.1111111111111111,0.1541999515855725,0.0,0.201040910191237,0.037037037037037035,1.0,1.0,0.785039941902687,0.48148148148148145,1.0,1.0,0.9630839990317115,0.7777777777777778,0.23916727184701042,0.0,0.2038247397724522,0.037037037037037035,0.1568627450980392,0.0,0.1757443718228032,0.0,2.469870196800029,1.2435845225874151,0.014003561562145321,0.08307617560215184,1178.4031367646244,539.6120300954735,10.24712136673345,23.700402799878017,-2.469870196800029,1.2435845225874151,0.8142742478807767,0.08307617560215184,1178.4031367646244,539.6120300954735,1019.2599927344519,23.700402799878017,2.3778990369897723,1.2584086710205047,0.01455884217928917,0.08285128720674972,1122.0310688548352,578.1080737972246,10.31127224775867,23.183483296803484
9,canon_minus,180,27,0.012264686145188074,0.00719431408174696,0.4134122963619761,False,222,-0.17185184056150493,0.5777777777777777,0.7658171535284416,0.5111111111111111,0.7817184377190088,35.87006202065658,0.1307203233871366,0.6492374727668845,0.3333333333333333,0.6986201888162672,0.3333333333333333,0.5061728395061729,0.14814814814814814,0.6299927378358751,0.2962962962962963,0.9849915274751876,0.8888888888888888,0.47591382231905105,0.2222222222222222,0.9825708061002179,0.8888888888888888,0.8686758654078915,0.4444444444444444,0.31251512950859356,0.037037037037037035,0.30888404744613895,0.037037037037037035,0.27959331880900506,0.0,0.28963931251512953,0.0,1.3884016708872755,1.4344319095131952,0.08655281994909286,0.07027336529857287,738.5965558814713,617.224956133677,34.76264084273583,19.374134657054064,-1.3884016708872755,1.4344319095131952,0.5995277436502277,0.07027336529857287,738.5965558814713,617.224956133677,528.7223514051699,19.374134657054064,3.1067632553605087,1.944138063850425,0.01249573648656415,0.06342559084350557,1373.950955999411,790.4764843887926,7.248308053066067,16.14966745864639
10,raw,182,27,0.01212119159468858,0.007338475935926349,0.39457471003576766,False,380,-0.17195920755581676,0.4444444444444444,0.7134917928784584,0.4666666666666667,0.7872683412624517,30.444899823256183,0.21817410472928828,0.13213859020310634,0.0,0.18566308243727597,0.037037037037037035,0.0912783751493429,0.0,0.11863799283154122,0.0,1.0,1.0,0.8661887694145759,0.6296296296296297,1.0,1.0,0.977299880525687,0.8518518518518519,0.33548387096774196,0.0,0.2743130227001195,0.037037037037037035,0.21959378733572282,0.0,0.26559139784946234,0.0,3.0639886952614894,1.3272799749225515,0.00550183278622813,0.08298503003912253,1382.861044571666,586.2935889847029,5.065623568560499,22.784583402829607,-3.0639886952614894,1.3272799749225515,0.8835706457520082,0.08298503003912253,1382.861044571666,586.2935889847029,1260.3590218527563,22.784583402829607,2.105927551995408,1.1738029126043348,0.024721626740499297,0.08877624727209475,1063.571020667741,540.2164928278985,15.090041509230021,24.930869072189612
10,canon_plus,182,27,0.01212119159468858,0.007338475935926349,0.39457471003576766,False,380,0.17195920755581676,0.4888888888888889,1.0219034933760585,0.4666666666666667,0.7872683412624517,36.03986442834134,0.09165440413870561,0.7409796893667862,0.37037037037037035,0.7486260454002389,0.4444444444444444,0.6105137395459976,0.14814814814814814,0.7207885304659498,0.37037037037037035,0.9906810035842294,0.9629629629629629,0.4934289127837515,0.1111111111111111,0.9954599761051374,0.9259259259259259,0.8821983273596177,0.4074074074074074,0.4169653524492234,0.0,0.38040621266427715,0.037037037037037035,0.3861409796893668,0.0,0.3776583034647551,0.0,1.174422687267437,1.6564301827666768,0.08013874798419263,0.06998376094012226,608.6359717497425,721.1586016698122,33.369414427006774,17.854245640390577,-1.174422687267437,1.6564301827666768,0.5674712400806271,0.06998376094012226,608.6359717497425,721.1586016698122,388.75577214013094,17.854245640390577,2.648791433124034,2.2128213160579873,0.016226290321421043,0.06273937714388154,1093.7591055989085,905.3466686898811,8.420783191992824,15.62406033291306
10,canon_minus,182,27,0.01212119159468858,0.007338475935926349,0.39457471003576766,False,380,-0.17195920755581676,0.4444444444444444,0.7134917928784584,0.4666666666666667,0.7872683412624517,30.444899823256183,0.21817410472928828,0.13213859020310634,0.0,0.18566308243727597,0.037037037037037035,0.0912783751493429,0.0,0.11863799283154122,0.0,1.0,1.0,0.8661887694145759,0.6296296296296297,1.0,1.0,0.977299880525687,0.8518518518518519,0.33548387096774196,0.0,0.2743130227001195,0.037037037037037035,0.21959378733572282,0.0,0.26559139784946234,0.0,3.0639886952614894,1.3272799749225515,0.00550183278622813,0.08298503003912253,1382.861044571666,586.2935889847029,5.065623568560499,22.784583402829607,-3.0639886952614894,1.3272799749225515,0.8835706457520082,0.08298503003912253,1382.861044571666,586.2935889847029,1260.3590218527563,22.784583402829607,2.105927551995408,1.1738029126043348,0.024721626740499297,0.08877624727209475,1063.571020667741,540.2164928278985,15.090041509230021,24.930869072189612
11,raw,178,26,0.01261615914393125,0.007888690383879975,0.37471537146274264,False,245,-0.18258154344440147,0.4,0.8441217877497826,0.5333333333333333,0.7126947574831228,29.876499052287357,0.21194344993791558,0.25025303643724695,0.038461538461538464,0.27606275303643724,0.07692307692307693,0.1763663967611336,0.0,0.2173582995951417,0.038461538461538464,1.0,1.0,0.7856781376518218,0.4230769230769231,1.0,1.0,0.9678643724696356,0.8076923076923077,0.23836032388663966,0.0,0.19989878542510123,0.0,0.1958502024291498,0.0,0.19648279352226722,0.0,2.412677108446308,1.327222970861425,0.015508997729108128,0.07654172215370807,1115.937671899381,582.6855120094635,11.31355338073061,23.25345555601823,-2.412677108446308,1.327222970861425,0.8091860020622714,0.07654172215370807,1115.937671899381,582.6855120094635,950.4052237088913,23.25345555601823,2.5566356068334675,1.346421569113243,0.017249452784581395,0.07802557342764248,1283.553901807158,612.5985418816646,9.887714118028745,22.85184298134834
11,canon_plus,178,26,0.01261615914393125,0.007888690383879975,0.37471537146274264,False,245,0.18258154344440147,0.5555555555555556,0.7282233021951358,0.5333333333333333,0.7126947574831228,34.4522385288766,0.1299260229617329,0.7024291497975709,0.3076923076923077,0.7661943319838057,0.38461538461538464,0.5660425101214575,0.19230769230769232,0.6902834008097166,0.2692307692307692,0.9939271255060729,0.9615384615384616,0.45394736842105265,0.07692307692307693,0.9916497975708503,0.9230769230769231,0.8699392712550608,0.46153846153846156,0.32793522267206476,0.0,0.33451417004048584,0.0,0.30541497975708504,0.0,0.3128795546558704,0.0,1.2145742842937362,1.532161611834891,0.0848113646114088,0.06468736992384085,647.0005737580979,662.898436691525,35.18202562470868,19.170690566916722,-1.2145742842937362,1.532161611834891,0.5774753377291485,0.06468736992384085,647.0005737580979,662.898436691525,422.44623281786596,19.170690566916722,2.918267696140662,2.049800198890876,0.010567571945315383,0.058904100450341,1338.2963341121358,857.1469358970638,6.834676918140996,16.666689575910624
11,canon_minus,178,26,0.01261615914393125,0.007888690383879975,0.37471537146274264,False,245,-0.18258154344440147,0.4,0.8441217877497826,0.5333333333333333,0.7126947574831228,29.876499052287357,0.21194344993791558,0.25025303643724695,0.038461538461538464,0.27606275303643724,0.07692307692307693,0.1763663967611336,0.0,0.2173582995951417,0.038461538461538464,1.0,1.0,0.7856781376518218,0.4230769230769231,1.0,1.0,0.9678643724696356,0.8076923076923077,0.23836032388663966,0.0,0.19989878542510123,0.0,0.1958502024291498,0.0,0.19648279352226722,0.0,2.412677108446308,1.327222970861425,0.015508997729108128,0.07654172215370807,1115.937671899381,582.6855120094635,11.31355338073061,23.25345555601823,-2.412677108446308,1.327222970861425,0.8091860020622714,0.07654172215370807,1115.937671899381,582.6855120094635,950.4052237088913,23.25345555601823,2.5566356068334675,1.346421569113243,0.017249452784581395,0.07802557342764248,1283.553901807158,612.5985418816646,9.887714118028745,22.85184298134834
12,raw,180,27,0.012369968260576607,0.008189844357066454,0.33792519232505314,False,245,-0.1721513950789686,0.45555555555555555,0.7484134107894314,0.5777777777777777,0.643811440884656,30.337642602209048,0.20481275542109761,0.19196320503510045,0.037037037037037035,0.1767126603727911,0.037037037037037035,0.1503267973856209,0.0,0.14996368917937544,0.037037037037037035,1.0,1.0,0.8090050835148874,0.48148148148148145,1.0,1.0,0.976882110869039,0.7777777777777778,0.2384410554345195,0.0,0.16412490922294845,0.0,0.17453401113531833,0.0,0.15843621399176955,0.0,2.515600803898268,1.2019272698390744,0.015227060811881733,0.08740540719311352,1170.8217309464087,547.3604094569049,9.819391747801488,25.23430481015916,-2.515600803898268,1.2019272698390744,0.8147141369497596,0.08740540719311352,1170.8217309464087,547.3604094569049,1018.1117289654147,25.23430481015916,2.21693606302398,1.1782547429790018,0.01921353990808998,0.09175426247333276,1063.207145103701,573.5233984388543,12.141632318926488,26.171721268181418
12,canon_plus,180,27,0.012369968260576607,0.008189844357066454,0.33792519232505314,False,245,0.1721513950789686,0.5111111111111111,0.7922677565221146,0.5777777777777777,0.643811440884656,36.96167167607173,0.12270750085047857,0.757201646090535,0.4074074074074074,0.813120309852336,0.5185185185185185,0.6013071895424836,0.14814814814814814,0.7542967804405712,0.4074074074074074,0.9840232389251997,0.9259259259259259,0.33430162188332124,0.1111111111111111,0.990559186637618,0.8888888888888888,0.8352699104333091,0.37037037037037035,0.29000242072137494,0.0,0.298959089808763,0.037037037037037035,0.2946017913338175,0.0,0.2822561123214718,0.0,1.0633405327822705,1.458208494153662,0.09334307000465329,0.07362022910027147,607.1223897640157,646.8367637832097,37.217190879890936,20.39939908096691,-1.0633405327822705,1.458208494153662,0.539561560333998,0.07362022910027147,607.1223897640157,646.8367637832097,376.73773895386154,20.39939908096691,3.282038445126665,2.108405511160121,0.01034789653984884,0.06024948504513942,1444.1052283090612,863.3225350959852,5.671064533525549,15.921585292988688
12,canon_minus,180,27,0.012369968260576607,0.008189844357066454,0.33792519232505314,False,245,-0.1721513950789686,0.45555555555555555,0.7484134107894314,0.5777777777777777,0.643811440884656,30.337642602209048,0.20481275542109761,0.19196320503510045,0.037037037037037035,0.1767126603727911,0.037037037037037035,0.1503267973856209,0.0,0.14996368917937544,0.037037037037037035,1.0,1.0,0.8090050835148874,0.48148148148148145,1.0,1.0,0.976882110869039,0.7777777777777778,0.2384410554345195,0.0,0.16412490922294845,0.0,0.17453401113531833,0.0,0.15843621399176955,0.0,2.515600803898268,1.2019272698390744,0.015227060811881733,0.08740540719311352,1170.8217309464087,547.3604094569049,9.819391747801488,25.23430481015916,-2.515600803898268,1.2019272698390744,0.8147141369497596,0.08740540719311352,1170.8217309464087,547.3604094569049,1018.1117289654147,25.23430481015916,2.21693606302398,1.1782547429790018,0.01921353990808998,0.09175426247333276,1063.207145103701,573.5233984388543,12.141632318926488,26.171721268181418
13,raw,177,26,0.011263980441490554,0.0077695633991868105,0.31022932438981843,False,245,-0.17823660037553352,0.37777777777777777,0.9238185151065705,0.5666666666666667,0.6806351850017592,31.163004533011534,0.19081265081052143,0.26260825267447785,0.0,0.27330616403464086,0.038461538461538464,0.16377992868059094,0.0,0.22019867549668873,0.0,1.0,1.0,0.7913907284768212,0.4230769230769231,1.0,1.0,0.966760061130922,0.8076923076923077,0.23229750382068262,0.0,0.20555272542027508,0.0,0.17116658176260827,0.0,0.1762608252674478,0.0,2.4395834839158246,1.1910048595252745,0.016795474940406077,0.08612129226371264,1107.6036089321647,509.09491569583145,11.295925380972571,23.11515629723605,-2.4395834839158246,1.1910048595252745,0.7965022814193147,0.08612129226371264,1107.6036089321647,509.09491569583145,949.3203367919313,23.11515629723605,2.5187959707829872,1.2509294929606931,0.01601744402549648,0.08931130081536043,1169.2851550565333,575.024806928003,9.832886623428925,23.52740340842427
13,canon_plus,177,26,0.011263980441490554,0.0077695633991868105,0.31022932438981843,False,245,0.17823660037553352,0.5666666666666667,0.6956991244384867,0.5666666666666667,0.6806351850017592,34.333237292436145,0.13016314556812347,0.6107997962302598,0.23076923076923078,0.6181864493122772,0.34615384615384615,0.4325012735608762,0.07692307692307693,0.5711920529801324,0.23076923076923078,0.9895568008150789,0.9230769230769231,0.5313295975547632,0.34615384615384615,0.9954151808456444,0.9230769230769231,0.8942944472745797,0.5,0.24707080998471728,0.0,0.2898624554253693,0.038461538461538464,0.22134488028527763,0.0,0.23191543555781965,0.0,1.4695045885381397,1.3580383117095116,0.05986682840408204,0.07870503272692073,739.8972064953182,572.4086008836327,26.451554347597536,20.50557779967149,-1.4695045885381397,1.3580383117095116,0.6371289354007538,0.07870503272692073,739.8972064953182,572.4086008836327,524.4062666036407,20.50557779967149,2.99829314609052,1.7510010757989902,0.010150866549022182,0.07274744201448768,1473.2962837294522,692.3958641992475,5.6585892820923,18.19302282295252
13,canon_minus,177,26,0.011263980441490554,0.0077695633991868105,0.31022932438981843,False,245,-0.17823660037553352,0.37777777777777777,0.9238185151065705,0.5666666666666667,0.6806351850017592,31.163004533011534,0.19081265081052143,0.26260825267447785,0.0,0.27330616403464086,0.038461538461538464,0.16377992868059094,0.0,0.22019867549668873,0.0,1.0,1.0,0.7913907284768212,0.4230769230769231,1.0,1.0,0.966760061130922,0.8076923076923077,0.23229750382068262,0.0,0.20555272542027508,0.0,0.17116658176260827,0.0,0.1762608252674478,0.0,2.4395834839158246,1.1910048595252745,0.016795474940406077,0.08612129226371264,1107.6036089321647,509.09491569583145,11.295925380972571,23.11515629723605,-2.4395834839158246,1.1910048595252745,0.7965022814193147,0.08612129226371264,1107.6036089321647,509.09491569583145,949.3203367919313,23.11515629723605,2.5187959707829872,1.2509294929606931,0.01601744402549648,0.08931130081536043,1169.2851550565333,575.024806928003,9.832886623428925,23.52740340842427
14,raw,179,26,0.011715903229354951,0.0074313651688424015,0.3657027526292094,False,222,-0.1862136872418,0.4777777777777778,0.7890296745542664,0.5222222222222223,0.7511148953258939,36.171508027725515,0.12374376423546353,0.6953242835595776,0.38461538461538464,0.7109100050276521,0.46153846153846156,0.557315233785822,0.15384615384615385,0.6737053795877326,0.34615384615384615,0.9979889391654098,0.9230769230769231,0.47058823529411764,0.2692307692307692,0.9891905480140775,0.8846153846153846,0.8743086978381096,0.38461538461538464,0.32805429864253394,0.0,0.3129713423831071,0.038461538461538464,0.28833584715937655,0.0,0.2998994469582705,0.0,1.2643105173206595,1.5370779804103836,0.08509184308883416,0.07173629339535399,674.0580236773754,686.5746147306223,36.087412871503496,19.11331453012446,-1.2643105173206595,1.5370779804103836,0.5807481558509711,0.07173629339535399,674.0580236773754,686.5746147306223,453.4823265352239,19.11331453012446,3.027850567449514,2.0523332067168747,0.010127378204465857,0.05956599025107172,1203.9576989810373,856.3838744404763,7.032616425439319,15.389613151788312
14,canon_plus,179,26,0.011715903229354951,0.0074313651688424015,0.3657027526292094,False,222,0.1862136872418,0.3888888888888889,0.9566495519257905,0.5222222222222223,0.7511148953258939,30.514057995083704,0.20389597136665744,0.26269482151835094,0.0,0.2787833081950729,0.15384615384615385,0.19557566616390146,0.0,0.23089492207139267,0.0,1.0,1.0,0.7737556561085973,0.5384615384615384,1.0,1.0,0.9523629964806435,0.7692307692307693,0.30040221216691804,0.0,0.3441427853192559,0.07692307692307693,0.2174459527400704,0.0,0.2777777777777778,0.0,2.5302053240702516,1.3219586014856162,0.016277243129765452,0.08343027770212384,1256.438417996442,587.608011774441,10.748161822581217,23.419331048241972,-2.5302053240702516,1.3219586014856162,0.8120846698779052,0.08343027770212384,1256.438417996442,587.608011774441,1098.0706003524276,23.419331048241972,2.393897109371643,1.2997207938163382,0.01917549015944476,0.08613280376806556,1161.0133576846215,596.0949738881033,12.073914949897299,23.530915685024603
14,canon_minus,179,26,0.011715903229354951,0.0074313651688424015,0.3657027526292094,False,222,-0.1862136872418,0.4777777777777778,0.7890296745542664,0.5222222222222223,0.7511148953258939,36.171508027725515,0.12374376423546353,0.6953242835595776,0.38461538461538464,0.7109100050276521,0.46153846153846156,0.557315233785822,0.15384615384615385,0.6737053795877326,0.34615384615384615,0.9979889391654098,0.9230769230769231,0.47058823529411764,0.2692307692307692,0.9891905480140775,0.8846153846153846,0.8743086978381096,0.38461538461538464,0.32805429864253394,0.0,0.3129713423831071,0.038461538461538464,0.28833584715937655,0.0,0.2998994469582705,0.0,1.2643105173206595,1.5370779804103836,0.08509184308883416,0.07173629339535399,674.0580236773754,686.5746147306223,36.087412871503496,19.11331453012446,-1.2643105173206595,1.5370779804103836,0.5807481558509711,0.07173629339535399,674.0580236773754,686.5746147306223,453.4823265352239,19.11331453012446,3.027850567449514,2.0523332067168747,0.010127378204465857,0.05956599025107172,1203.9576989810373,856.3838744404763,7.032616425439319,15.389613151788312
15,raw,181,27,0.012605435194709639,0.007571074213158317,0.3993801803577704,False,245,-0.1648112454400612,0.4111111111111111,0.8235016597990371,0.5333333333333333,0.765206185141382,30.77088460413587,0.21225170576688387,0.1972101972101972,0.07407407407407407,0.2178932178932179,0.07407407407407407,0.12890812890812892,0.0,0.16414141414141414,0.07407407407407407,1.0,1.0,0.8075998075998077,0.5555555555555556,0.9997594997594997,0.9629629629629629,0.9676527176527177,0.8148148148148148,0.2623857623857624,0.0,0.23713323713323714,0.037037037037037035,0.1632996632996633,0.0,0.1984126984126984,0.0,2.6088502304813677,1.2563177701232402,0.013244865083562842,0.08349906880800909,1257.9857630298209,539.9614496524991,10.046403267997981,24.303735342198976,-2.6088502304813677,1.2563177701232402,0.8340273861845816,0.08349906880800909,1257.9857630298209,539.9614496524991,1098.656849616591,24.303735342198976,2.318705457554554,1.2238939368774806,0.017020863140208845,0.08411873743245919,1142.1139792848558,551.8010008678962,11.882747449391346,24.1210368007822
15,canon_plus,181,27,0.012605435194709639,0.007571074213158317,0.3993801803577704,False,245,0.1648112454400612,0.5111111111111111,0.9947323093075882,0.5333333333333333,0.765206185141382,36.387628372133626,0.11856079982457977,0.746031746031746,0.5185185185185185,0.7479557479557479,0.4444444444444444,0.632996632996633,0.25925925925925924,0.7243867243867244,0.4444444444444444,0.9752284752284752,0.9259259259259259,0.42833092833092834,0.2222222222222222,0.9795574795574795,0.8148148148148148,0.8436748436748437,0.4074074074074074,0.30447330447330445,0.0,0.28595478595478596,0.0,0.28619528619528617,0.0,0.2804232804232804,0.0,1.0584464530900264,1.5281418090165275,0.11860970878639322,0.06502601179517518,637.6799634804288,648.7163625605097,43.79437367338614,18.386883388007544,-1.0584464530900264,1.5281418090165275,0.5264892886953297,0.06502601179517518,637.6799634804288,648.7163625605097,411.77988924520616,18.386883388007544,3.0980508701095055,2.2240371305305824,0.007523767598172155,0.055180715135675636,1257.804642112785,884.3011899775646,4.932672564697175,13.70541472487825
15,canon_minus,181,27,0.012605435194709639,0.007571074213158317,0.3993801803577704,False,245,-0.1648112454400612,0.4111111111111111,0.8235016597990371,0.5333333333333333,0.765206185141382,30.77088460413587,0.21225170576688387,0.1972101972101972,0.07407407407407407,0.2178932178932179,0.07407407407407407,0.12890812890812892,0.0,0.16414141414141414,0.07407407407407407,1.0,1.0,0.8075998075998077,0.5555555555555556,0.9997594997594997,0.9629629629629629,0.9676527176527177,0.8148148148148148,0.2623857623857624,0.0,0.23713323713323714,0.037037037037037035,0.1632996632996633,0.0,0.1984126984126984,0.0,2.6088502304813677,1.2563177701232402,0.013244865083562842,0.08349906880800909,1257.9857630298209,539.9614496524991,10.046403267997981,24.303735342198976,-2.6088502304813677,1.2563177701232402,0.8340273861845816,0.08349906880800909,1257.9857630298209,539.9614496524991,1098.656849616591,24.303735342198976,2.318705457554554,1.2238939368774806,0.017020863140208845,0.08411873743245919,1142.1139792848558,551.8010008678962,11.882747449391346,24.1210368007822
16,raw,183,27,0.011686448723902575,0.007855675027896088,0.3277962182105257,False,294,-0.196588918251473,0.37777777777777777,0.8355108854595081,0.5111111111111111,0.642596395314651,30.92707194045307,0.20021324637916754,0.26495726495726496,0.037037037037037035,0.26970560303893637,0.07407407407407407,0.1697530864197531,0.0,0.21901709401709402,0.037037037037037035,1.0,1.0,0.7274453941120608,0.4074074074074074,1.0,1.0,0.9515669515669516,0.7407407407407407,0.22507122507122507,0.0,0.25332383665717,0.037037037037037035,0.16690408357075023,0.0,0.20109211775878444,0.0,2.30939795890136,1.2069596274746237,0.017118954263662323,0.08766143965873371,1071.5729046982103,545.5970137931893,12.512755903352073,26.271118324969393,-2.30939795890136,1.2069596274746237,0.795840983779548,0.08766143965873371,1071.5729046982103,545.5970137931893,897.9930607260519,26.271118324969393,2.4983378973427866,1.2189358379493027,0.015939784799612663,0.08868288973500525,1229.6481827950597,568.1852627222638,10.2891242037779,25.62370784376716
16,canon_plus,183,27,0.011686448723902575,0.007855675027896088,0.3277962182105257,False,294,0.196588918251473,0.5,0.6500182146745502,0.5111111111111111,0.642596395314651,35.718237893105496,0.12493040496146779,0.7336182336182336,0.48148148148148145,0.7348053181386515,0.37037037037037035,0.6120607787274454,0.18518518518518517,0.714624881291548,0.4444444444444444,0.9871794871794872,0.9259259259259259,0.38366571699905033,0.1111111111111111,0.9893162393162394,0.8518518518518519,0.8518518518518519,0.4074074074074074,0.2962962962962963,0.0,0.2609211775878443,0.037037037037037035,0.28941120607787274,0.0,0.2702991452991453,0.0,1.0310438261850416,1.4282132273678325,0.10517133815985615,0.07242160398439247,593.3650159390559,628.3637637707352,41.29547425877286,21.289493994223488,-1.0310438261850416,1.4282132273678325,0.5229353229941626,0.07242160398439247,593.3650159390559,628.3637637707352,368.1128796512993,21.289493994223488,2.968685969740097,1.9780484593483947,0.009771863452243432,0.06095513107065468,1144.2936225732808,826.4206351966628,5.796957678858901,16.66434111871442
16,canon_minus,183,27,0.011686448723902575,0.007855675027896088,0.3277962182105257,False,294,-0.196588918251473,0.37777777777777777,0.8355108854595081,0.5111111111111111,0.642596395314651,30.92707194045307,0.20021324637916754,0.26495726495726496,0.037037037037037035,0.26970560303893637,0.07407407407407407,0.1697530864197531,0.0,0.21901709401709402,0.037037037037037035,1.0,1.0,0.7274453941120608,0.4074074074074074,1.0,1.0,0.9515669515669516,0.7407407407407407,0.22507122507122507,0.0,0.25332383665717,0.037037037037037035,0.16690408357075023,0.0,0.20109211775878444,0.0,2.30939795890136,1.2069596274746237,0.017118954263662323,0.08766143965873371,1071.5729046982103,545.5970137931893,12.512755903352073,26.271118324969393,-2.30939795890136,1.2069596274746237,0.795840983779548,0.08766143965873371,1071.5729046982103,545.5970137931893,897.9930607260519,26.271118324969393,2.4983378973427866,1.2189358379493027,0.015939784799612663,0.08868288973500525,1229.6481827950597,568.1852627222638,10.2891242037779,25.62370784376716
17,raw,182,27,0.012479264839904391,0.007487863980740116,0.3999755533037086,True,222,0.17000214332619515,0.4222222222222222,0.9891862970256248,0.4777777777777778,0.8099174379820602,30.45173680987833,0.20053844144023222,0.3032258064516129,0.037037037037037035,0.23464755077658303,0.07407407407407407,0.1825567502986858,0.0,0.23010752688172043,0.0,1.0,1.0,0.8406212664277181,0.5555555555555556,1.0,1.0,0.9712066905615293,0.8148148148148148,0.3333333333333333,0.07407407407407407,0.4045400238948626,0.2222222222222222,0.22652329749103942,0.0,0.310752688172043,0.07407407407407407,2.2979593209116667,1.3111745968842388,0.014601429756733586,0.07763044032579797,1028.9095293747803,549.7462955499834,11.331733481871717,20.873329222178953,-2.2979593209116667,1.3111745968842388,0.8027373891316185,0.07763044032579797,1028.9095293747803,549.7462955499834,856.2204235370982,20.873329222178953,2.3149077340997417,1.3106532005652969,0.022794891392170162,0.07860893268951741,1159.7394563674502,576.1170909475928,13.634851732721105,21.044393420094792
17,canon_plus,182,27,0.012479264839904391,0.007487863980740116,0.3999755533037086,True,222,0.17000214332619515,0.4222222222222222,0.9891862970256248,0.4777777777777778,0.8099174379820602,30.45173680987833,0.20053844144023222,0.3032258064516129,0.037037037037037035,0.23464755077658303,0.07407407407407407,0.1825567502986858,0.0,0.23010752688172043,0.0,1.0,1.0,0.8406212664277181,0.5555555555555556,1.0,1.0,0.9712066905615293,0.8148148148148148,0.3333333333333333,0.07407407407407407,0.4045400238948626,0.2222222222222222,0.22652329749103942,0.0,0.310752688172043,0.07407407407407407,2.2979593209116667,1.3111745968842388,0.014601429756733586,0.07763044032579797,1028.9095293747803,549.7462955499834,11.331733481871717,20.873329222178953,-2.2979593209116667,1.3111745968842388,0.8027373891316185,0.07763044032579797,1028.9095293747803,549.7462955499834,856.2204235370982,20.873329222178953,2.3149077340997417,1.3106532005652969,0.022794891392170162,0.07860893268951741,1159.7394563674502,576.1170909475928,13.634851732721105,21.044393420094792
17,canon_minus,182,27,0.012479264839904391,0.007487863980740116,0.3999755533037086,True,222,-0.17000214332619515,0.43333333333333335,0.8240156095477431,0.4777777777777778,0.8099174379820602,35.96942958100247,0.13179016728235748,0.7409796893667862,0.4074074074074074,0.7433691756272401,0.5555555555555556,0.5589008363201912,0.18518518518518517,0.7041816009557945,0.4074074074074074,0.9983273596176822,0.9629629629629629,0.48960573476702507,0.2962962962962963,0.995221027479092,0.9259259259259259,0.8900836320191159,0.4444444444444444,0.35077658303464754,0.0,0.32998805256869773,0.07407407407407407,0.2962962962962963,0.0,0.3198327359617682,0.0,1.3024400301111936,1.4845876346365794,0.07735076418816894,0.0666999111022576,714.5209751219386,604.5107533875752,34.881749789805575,16.771068316925955,-1.3024400301111936,1.4845876346365794,0.5914559071666793,0.0666999111022576,714.5209751219386,604.5107533875752,482.67224649034824,16.771068316925955,3.1308368382955454,2.0151043461178078,0.010874112786774696,0.06267037501831936,1538.2044773807725,825.5046753068555,6.875028076300993,14.224465148686228
18,raw,177,26,0.012186305728687985,0.007447640669572627,0.3888516474652353,True,156,0.1573940744992688,0.6,0.6694280600377804,0.5666666666666667,0.7200756505694872,34.74752051960324,0.1458420557520467,0.7022414671421294,0.38461538461538464,0.7435048395313296,0.5,0.5397350993377483,0.11538461538461539,0.6864493122771268,0.34615384615384615,0.9885379521141111,0.9615384615384616,0.42435048395313296,0.19230769230769232,0.9918492103922567,0.9230769230769231,0.8506113092205807,0.38461538461538464,0.30947529291900155,0.038461538461538464,0.31456953642384106,0.07692307692307693,0.28094752929190014,0.0,0.2920275089149261,0.038461538461538464,1.3272905892953455,1.5009605408181705,0.07716218987624607,0.06605999380801217,718.9236840042751,615.1194831584378,33.24895630729827,18.397422036519558,-1.3272905892953455,1.5009605408181705,0.5982342129690084,0.06605999380801217,718.9236840042751,615.1194831584378,493.8175389041763,18.397422036519558,3.118622745612854,1.9925243325985955,0.010514578671258509,0.058776845197384846,1476.7596723334163,775.6785548526818,6.49711664664505,15.291959581852224
18,canon_plus,177,26,0.012186305728687985,0.007447640669572627,0.3888516474652353,True,156,0.1573940744992688,0.6,0.6694280600377804,0.5666666666666667,0.7200756505694872,34.74752051960324,0.1458420557520467,0.7022414671421294,0.38461538461538464,0.7435048395313296,0.5,0.5397350993377483,0.11538461538461539,0.6864493122771268,0.34615384615384615,0.9885379521141111,0.9615384615384616,0.42435048395313296,0.19230769230769232,0.9918492103922567,0.9230769230769231,0.8506113092205807,0.38461538461538464,0.30947529291900155,0.038461538461538464,0.31456953642384106,0.07692307692307693,0.28094752929190014,0.0,0.2920275089149261,0.038461538461538464,1.3272905892953455,1.5009605408181705,0.07716218987624607,0.06605999380801217,718.9236840042751,615.1194831584378,33.24895630729827,18.397422036519558,-1.3272905892953455,1.5009605408181705,0.5982342129690084,0.06605999380801217,718.9236840042751,615.1194831584378,493.8175389041763,18.397422036519558,3.118622745612854,1.9925243325985955,0.010514578671258509,0.058776845197384846,1476.7596723334163,775.6785548526818,6.49711664664505,15.291959581852224
18,canon_minus,177,26,0.012186305728687985,0.007447640669572627,0.3888516474652353,True,156,-0.1573940744992688,0.4111111111111111,1.0272602592725586,0.5666666666666667,0.7200756505694872,30.556354905470272,0.19117262090349324,0.25191034131431483,0.07692307692307693,0.23178807947019867,0.07692307692307693,0.1869587366276108,0.0,0.21115639327559857,0.038461538461538464,1.0,1.0,0.8127865511971473,0.5384615384615384,1.0,1.0,0.9696892511462047,0.7692307692307693,0.3163525216505349,0.0,0.3140601120733571,0.038461538461538464,0.23968415690269995,0.0,0.2682119205298013,0.0,2.334701357309511,1.3274990840740097,0.015467435449881776,0.0766829316562603,1002.5770545751838,566.2785054442415,10.362951772432247,22.338058578946818,-2.334701357309511,1.3274990840740097,0.8044332693220865,0.0766829316562603,1002.5770545751838,566.2785054442415,845.8376357976587,22.338058578946818,2.1688558149731785,1.340840015440694,0.019782493295905416,0.08312601433400073,981.5663525833893,622.5121661408626,12.517326107498706,23.408739019942523
19,raw,175,26,0.012601883170496486,0.007357510220409815,0.4161578772897047,False,245,-0.17842840802778914,0.3888888888888889,0.8992973105067598,0.4777777777777778,0.773808376633901,30.561422126199233,0.2060831261209805,0.21528136293236966,0.0,0.21734641197728446,0.07692307692307693,0.15074858027878163,0.0,0.18069179143004646,0.0,1.0,1.0,0.8742901393908106,0.6153846153846154,1.0,1.0,0.980898296334538,0.8846153846153846,0.29013939081053175,0.0,0.32911719153329894,0.07692307692307693,0.19230769230769232,0.0,0.24741868869385647,0.0,2.6707532119717925,1.3474116934120965,0.011536204882850969,0.07818161629929503,1234.8597424876484,566.072043451905,7.931361030421288,20.54760222296962,-2.6707532119717925,1.3474116934120965,0.8411631468490948,0.07818161629929503,1234.8597424876484,566.072043451905,1089.1197947314404,20.54760222296962,2.3182993881860043,1.3208741332151566,0.015178478929905613,0.08150330136220531,1102.2159035370066,588.9379417214858,11.03696106785323,21.191856120114608
19,canon_plus,175,26,0.012601883170496486,0.007357510220409815,0.4161578772897047,False,245,0.17842840802778914,0.5777777777777777,0.7956589743578057,0.4777777777777778,0.773808376633901,34.429970776763405,0.12968096211414942,0.6311306143520908,0.2692307692307692,0.6866288074341765,0.38461538461538464,0.4909654104284977,0.15384615384615385,0.6076406814661848,0.2692307692307692,0.9917398038203408,0.9615384615384616,0.591636551368095,0.2692307692307692,0.9909654104284977,0.9615384615384616,0.9062983995869902,0.5,0.3242127000516262,0.0,0.2999483737738771,0.0,0.29556014455343316,0.0,0.28742901393908105,0.0,1.508405449899386,1.5502374773978858,0.06529302310238964,0.06880123191199299,742.365128417143,652.010700940718,26.362897547479516,17.33136095153664,-1.508405449899386,1.5502374773978858,0.6406499071722508,0.06880123191199299,742.365128417143,652.010700940718,539.5699834916343,17.33136095153664,2.921954438293336,2.0082535938145254,0.008603390799217254,0.06508655680024855,1370.1059842376537,828.1025187483336,5.822585931963756,15.218825061512268
19,canon_minus,175,26,0.012601883170496486,0.007357510220409815,0.4161578772897047,False,245,-0.17842840802778914,0.3888888888888889,0.8992973105067598,0.4777777777777778,0.773808376633901,30.561422126199233,0.2060831261209805,0.21528136293236966,0.0,0.21734641197728446,0.07692307692307693,0.15074858027878163,0.0,0.18069179143004646,0.0,1.0,1.0,0.8742901393908106,0.6153846153846154,1.0,1.0,0.980898296334538,0.8846153846153846,0.29013939081053175,0.0,0.32911719153329894,0.07692307692307693,0.19230769230769232,0.0,0.24741868869385647,0.0,2.6707532119717925,1.3474116934120965,0.011536204882850969,0.07818161629929503,1234.8597424876484,566.072043451905,7.931361030421288,20.54760222296962,-2.6707532119717925,1.3474116934120965,0.8411631468490948,0.07818161629929503,1234.8597424876484,566.072043451905,1089.1197947314404,20.54760222296962,2.3182993881860043,1.3208741332151566,0.015178478929905613,0.08150330136220531,1102.2159035370066,588.9379417214858,11.03696106785323,21.191856120114608
