convention,scale,dim,lam_dev_sel,n_train_mean,n_over_d,regime,train_acc,train_logloss,test_logloss,test_acc,train_test_gap,beats_log2,hessian_cond,fm_cleanhead_auroc,fm_refit_auroc,fm_refit_auroc_sd,n_pools_refit_below_half,marg_excess_reversed,theta_dist
cat,n1000,32,0.001,615.0,19.21875,N>d,0.6617698419183489,0.6255272048009537,0.6488671300789112,0.6138969873663751,0.02333992527795765,True,2.229385058740334,0.7426489995141454,0.1325148648758954,0.14269147568671836,5,0.6761032644780725,8.252236255273486
cat,n1000,64,0.001,615.0,9.609375,N>d,0.6695202776073643,0.6179342366625727,0.649015014800493,0.6166180758017493,0.031080778137920095,True,2.4768514889497157,0.763083887572248,0.13462893274705884,0.14005710435684482,5,0.6785955265677348,8.564963841269332
cat,n1000,128,0.001,615.0,4.8046875,N>d,0.6935300399523909,0.6057713167957408,0.6485670359452278,0.6142857142857143,0.0427957191494869,True,2.7140198965006017,0.790330504928596,0.13598113175881424,0.13847273909325494,5,0.6711172176334932,8.92749503223949
cat,n1000,256,0.001,615.0,2.40234375,N>d,0.7175663949996318,0.5971131690266217,0.6480472183405148,0.614868804664723,0.050934049313893184,True,2.905523360163583,0.8065186953281053,0.1352003011490646,0.13944162593744033,5,0.6647342588063209,9.159031010828794
cat,n1000,384,0.001,615.0,1.6015625,N~d,0.7201476281411366,0.5960834513924843,0.6480243533147828,0.615840621963071,0.05194090192229848,True,2.951126435202522,0.8088526700651621,0.13501210207034348,0.1396528860836196,5,0.6636258360985675,9.182445799069445
cat,n300,32,0.001,183.4,5.73125,N>d,0.6804383981031765,0.6050889046385242,0.666676934622843,0.5855199222546161,0.061588029984318934,True,2.4815072134740914,0.7385612272656298,0.1460764576676526,0.05248033901641391,5,0.7939886719551057,9.049948592555964
cat,n300,64,0.001,183.4,2.865625,N>d,0.7384949163969935,0.5690233837149332,0.6701817587154901,0.5773566569484936,0.10115837500055691,True,2.8671429539444135,0.8466283304396512,0.15514755987083023,0.05533321159619235,5,0.7645180203345676,9.928657477914644
cat,n300,128,0.001,183.4,1.4328125,N~d,0.829920265571223,0.5386370797357471,0.6702960328094582,0.5773566569484936,0.13165895307371092,True,3.263578866705707,0.9155205123318331,0.15011029036186269,0.054010767059517656,5,0.7345834823807544,10.471944440214914
cat,n300,256,0.001,183.4,0.71640625,N<d,0.8419194363903157,0.5342577807335649,0.6703587619914406,0.5773566569484936,0.13610098125787545,True,3.39551461603613,0.9249881397428567,0.14972330464783293,0.05428191787211828,5,0.7274812583789834,10.519041152698408
cat,n300,384,0.001,183.4,0.4776041666666667,N<d,0.8419194363903157,0.5342577807335649,0.6703587619914406,0.5773566569484936,0.13610098125787545,True,3.395514616036132,0.9249881397428567,0.14972330464783293,0.05428191787211828,5,0.7274812583789834,10.519041152698408
cat,n3000,32,0.0001,1849.2,57.7875,N>d,0.631464285822906,0.6336787275747099,0.6433765624460988,0.6161321671525753,0.009697834871388844,True,4.562051549457693,0.5815985609789376,0.1585794904927231,0.10760266067518512,5,1.229077844564896,17.111141539263354
cat,n3000,64,0.0001,1849.2,28.89375,N>d,0.6451013377107614,0.6259804617053726,0.644706822197027,0.6187560738581147,0.01872636049165439,True,6.015203520966248,0.6030850284662764,0.163661320683332,0.10151491760560082,5,1.2304915569622956,17.87381437548919
cat,n3000,128,0.001,1849.2,14.446875,N>d,0.64768466219868,0.6379198006251589,0.6484095880360634,0.6183673469387755,0.01048978741090456,True,2.6245618640178847,0.5800176292358618,0.15216324885256113,0.1122408843816855,5,0.6416711835056919,7.764765325344382
cat,n3000,256,0.001,1849.2,7.2234375,N>d,0.6577569300153098,0.6335004125067452,0.6480641113794798,0.6175898931000972,0.014563698872734565,True,2.816035397896909,0.5941006771041877,0.15236360690753792,0.1126582171866572,5,0.6380709291221298,7.905970754937142
cat,n3000,384,0.001,1849.2,4.815625,N>d,0.6592739119107882,0.6324859426543145,0.6478742030589235,0.6185617103984451,0.015388260404608967,True,2.9115679360511075,0.5971354385624879,0.1524057869001624,0.11279130716485637,5,0.6372768372920514,7.937969469345762
resp,n1000,32,0.001,699.2,21.85,N>d,0.6430150246800148,0.6207643078548746,0.6587337240821902,0.6,0.037969416227315644,True,3.171425348921668,0.8503346070362877,0.11780912877971698,0.07907778559483085,5,1.1420560826118649,6.3173994344474895
resp,n1000,64,0.001,699.2,10.925,N>d,0.6661807880622398,0.6034344874314741,0.6602986332275427,0.6017006802721088,0.056864145796068556,True,4.15169490298035,0.8625918672053127,0.13394731583387043,0.0798814720935093,5,1.141747078366152,6.729404901124572
resp,n1000,128,0.01,699.2,5.4625,N>d,0.684485321115423,0.636940770807238,0.6626456359704855,0.6079931972789117,0.025704865163247527,True,1.8606757134716787,0.881956305288238,0.09517256273138622,0.09334260334987263,5,0.5318713256458435,2.868895504941845
resp,n1000,256,0.01,699.2,2.73125,N>d,0.7047959877188452,0.6310930464978386,0.6622927158299151,0.6063775510204081,0.031199669332076428,True,1.9561016628696488,0.8941665253513993,0.09554312463135989,0.094510884016997,5,0.5260201018122475,2.912283038981235
resp,n1000,384,0.01,699.2,1.8208333333333333,N~d,0.7090849743244692,0.6299623875263726,0.662195706431687,0.6051020408163265,0.032233318905314404,True,1.9872839946900385,0.8961996506450287,0.09520828828812018,0.09436882663218585,5,0.5247474458087215,2.9193771753007485
resp,n300,32,0.01,210.0,6.5625,N>d,0.6666666666666667,0.6301173645976474,0.6701529087582616,0.5850340136054422,0.040035544160614236,True,1.6837306620746566,0.7030816363308705,0.1683186159668408,0.1051343523168676,5,0.518690345339086,2.6652803858239102
resp,n300,64,0.01,210.0,3.28125,N>d,0.7161904761904763,0.6095913417147468,0.6703308263064491,0.5784013605442178,0.06073948459170227,True,1.858157483531811,0.7836727338259146,0.16958010452333755,0.0983521996567296,5,0.5028271303915206,2.847845993758578
resp,n300,128,0.01,210.0,1.640625,N~d,0.781904761904762,0.5874332543100701,0.6702923857396275,0.5790816326530612,0.0828591314295574,True,2.034468429254383,0.8620291944494504,0.16882321138943954,0.09903151677066244,5,0.4800495948019707,3.0080705737189124
resp,n300,256,0.01,210.0,0.8203125,N<d,0.8142857142857144,0.5795054011780298,0.670319813743844,0.5805272108843538,0.09081441256581416,True,2.1286455342299297,0.8903225806451612,0.16579563885384746,0.10147948632233644,5,0.4698728922153169,3.049061699289603
resp,n300,384,0.01,210.0,0.546875,N<d,0.8142857142857144,0.5795054011780298,0.670319813743844,0.5805272108843538,0.09081441256581416,True,2.128645534229933,0.8903225806451612,0.16579563885384746,0.10147948632233644,5,0.4698728922153169,3.049061699289603
resp,n3000,32,0.001,2098.2,65.56875,N>d,0.6212935504796931,0.6438279669585579,0.6526496731719235,0.6076530612244897,0.008821706213365399,True,3.0871313412293766,0.7008506864445733,0.12106823847717581,0.0964036512690467,5,1.0948353664878865,6.067533167835944
resp,n3000,64,0.001,2098.2,32.784375,N>d,0.6370207281189215,0.635672996930474,0.6527005614029747,0.6072278911564626,0.017027564472500645,True,3.913940188669146,0.7156937455353007,0.12955251491788614,0.09161659543590955,5,1.0953879976375627,6.277489969271143
resp,n3000,128,0.001,2098.2,16.3921875,N>d,0.6531308119080138,0.6231847130095917,0.6537612959213571,0.6028911564625851,0.03057658291176546,True,5.017278575246513,0.7407450097972943,0.13766628262232616,0.08762639951974195,5,1.0867290165122867,6.6176404467900936
resp,n3000,256,0.001,2098.2,8.19609375,N>d,0.6817242107415288,0.6056050685584417,0.6525166464151139,0.6062925170068026,0.046911577856672146,True,6.772138251976133,0.7670254800785392,0.14398150584066097,0.08391994368031923,5,1.06761999587411,7.027262256997981
resp,n3000,384,0.001,2098.2,5.4640625,N>d,0.6911625895487112,0.5995629197950707,0.6521665039689821,0.6061224489795918,0.05260358417391138,True,8.338019955599947,0.7757099519260087,0.1449973989100931,0.08325622977689923,5,1.0602673874106816,7.173008419363363
