convention,scale,attack,budget_mult,policy,review_budget,score_auroc,recovered,precision,recall,precision_lift,n_pools_beat_top,delete_minus_no_action,correct_minus_no_action
cat,n1000,directional,0.5,bottom_oracle_diagnostic,46.0,0.13501210207034348,25.6,0.5596340836673861,0.28060898014316293,0.4100413406690704,5,-0.02273184632233794,-0.0480289783215323
cat,n1000,directional,0.5,random,46.0,0.13501210207034348,6.739999999999999,0.14644793915099183,0.07326709848959255,-0.0031448038473238698,5,-0.0004444451858822289,-0.010295278875467
cat,n1000,directional,0.5,top,46.0,0.13501210207034348,0.0,0.0,0.0,-0.1495927429983157,0,0.02401057337565008,0.0
cat,n1000,directional,0.5,two_tailed,46.0,0.13501210207034348,13.0,0.2841669236303833,0.14244385411106783,0.13457418063206764,5,0.00269579703738312,-0.03093033660686138
cat,n1000,directional,1.0,bottom_oracle_diagnostic,92.0,0.13501210207034348,47.2,0.517074795369982,0.517074795369982,0.36748205237166626,5,-0.05098977515721662,-0.066029505696788
cat,n1000,directional,1.0,random,92.0,0.13501210207034348,14.120000000000001,0.15353392837421959,0.15353392837421959,0.003941185375903873,5,0.000549050434342322,-0.018919032923621903
cat,n1000,directional,1.0,top,92.0,0.13501210207034348,0.0,0.0,0.0,-0.1495927429983157,0,0.04492671657710705,0.0
cat,n1000,directional,1.0,two_tailed,92.0,0.13501210207034348,25.6,0.28060898014316293,0.28060898014316293,0.13101623714484717,5,0.0033730141166175994,-0.0480289783215323
cat,n1000,directional,2.0,bottom_oracle_diagnostic,184.0,0.13501210207034348,69.8,0.3812034025311755,0.762406805062351,0.2316106595328597,5,-0.07492880644507172,-0.07284986869044711
cat,n1000,directional,2.0,random,184.0,0.13501210207034348,27.639999999999997,0.1501288773146819,0.30025775462936394,0.0005361343163662345,5,0.0007965401410472882,-0.033598833301752326
cat,n1000,directional,2.0,top,184.0,0.13501210207034348,0.0,0.0,0.0,-0.1495927429983157,0,0.08130053239666929,0.0
cat,n1000,directional,2.0,two_tailed,184.0,0.13501210207034348,47.2,0.258537397684991,0.517074795369982,0.10894465468667525,5,-0.00484689858512574,-0.066029505696788
cat,n1000,margin_targeted,0.5,bottom_oracle_diagnostic,46.0,0.6478538394996057,0.0,0.0,0.0,-0.1495927429983157,0,0.00553056142187546,0.0
cat,n1000,margin_targeted,0.5,random,46.0,0.6478538394996057,6.780000000000001,0.1474932675506218,0.07373142691578424,-0.0020994754476939027,5,0.00015382295245655882,4.2329399921134534e-07
cat,n1000,margin_targeted,0.5,top,46.0,0.6478538394996057,0.0,0.0,0.0,-0.1495927429983157,0,-0.0012605246947347399,0.0
cat,n1000,margin_targeted,0.5,two_tailed,46.0,0.6478538394996057,0.0,0.0,0.0,-0.1495927429983157,0,-0.00253495822430892,0.0
cat,n1000,margin_targeted,1.0,bottom_oracle_diagnostic,92.0,0.6478538394996057,0.4,0.00432445067788686,0.00432445067788686,-0.14526829232042887,2,0.01943237590420318,0.00023668082561922
cat,n1000,margin_targeted,1.0,random,92.0,0.6478538394996057,13.5,0.1468458457811804,0.1468458457811804,-0.0027468972171353027,5,0.000890691956354366,-1.746584785540813e-05
cat,n1000,margin_targeted,1.0,top,92.0,0.6478538394996057,0.0,0.0,0.0,-0.1495927429983157,0,0.00325829104936788,0.0
cat,n1000,margin_targeted,1.0,two_tailed,92.0,0.6478538394996057,0.0,0.0,0.0,-0.1495927429983157,0,-0.00174579292593732,0.0
cat,n1000,margin_targeted,2.0,bottom_oracle_diagnostic,184.0,0.6478538394996057,3.8,0.02058460038033904,0.041169200760678135,-0.1290081426179766,0,0.07484114023962259,0.00023206368634666
cat,n1000,margin_targeted,2.0,random,184.0,0.6478538394996057,28.299999999999994,0.1537686818998328,0.30753736379966573,0.004175938901517112,0,0.0011890846996395576,3.238393322380538e-05
cat,n1000,margin_targeted,2.0,top,184.0,0.6478538394996057,36.6,0.19866702690775379,0.3973340538155076,0.04907428390943804,0,0.010475345962701419,-0.00028709190856933766
cat,n1000,margin_targeted,2.0,two_tailed,184.0,0.6478538394996057,0.4,0.00216222533894342,0.00432445067788686,-0.1474305176593723,0,0.0009963707074401816,0.00023668082561922
cat,n300,directional,0.5,bottom_oracle_diagnostic,13.8,0.1375099007677624,5.4,0.3967032967032967,0.19967439967439965,0.24839518301818683,5,-0.0070355397558335645,-0.017587361067934758
cat,n300,directional,0.5,random,13.8,0.1375099007677624,2.3800000000000003,0.17241758241758237,0.08761090761090755,0.024109468732472546,5,1.2418261166885253e-06,-0.003731744174892155
cat,n300,directional,0.5,top,13.8,0.1375099007677624,0.0,0.0,0.0,-0.14830811368510982,0,0.011000190891665219,0.0
cat,n300,directional,0.5,two_tailed,13.8,0.1375099007677624,3.4,0.2494505494505494,0.12551892551892546,0.10114243576543958,5,0.0021560884563021597,-0.01264371104616778
cat,n300,directional,1.0,bottom_oracle_diagnostic,27.2,0.1375099007677624,12.2,0.4495522995522995,0.4495522995522995,0.3012441858671897,5,-0.01715739369398778,-0.024632569478092742
cat,n300,directional,1.0,random,27.2,0.1375099007677624,4.1,0.1502849002849002,0.1502849002849002,0.001976786599790414,5,0.0006897488232238305,-0.006472038768575361
cat,n300,directional,1.0,top,27.2,0.1375099007677624,0.0,0.0,0.0,-0.14830811368510982,0,0.019632372505938543,0.0
cat,n300,directional,1.0,two_tailed,27.2,0.1375099007677624,5.4,0.19967439967439965,0.19967439967439965,0.05136628598928986,5,0.0042606081356309404,-0.017587361067934758
cat,n300,directional,2.0,bottom_oracle_diagnostic,54.4,0.1375099007677624,21.4,0.39349816849816843,0.7869963369963371,0.2451900548130586,5,-0.025485182732355217,-0.02574115987129904
cat,n300,directional,2.0,random,54.4,0.1375099007677624,8.16,0.15001831501831497,0.30003663003663,0.0017102013332051416,5,-0.0002189211535529228,-0.012028022528601537
cat,n300,directional,2.0,top,54.4,0.1375099007677624,0.0,0.0,0.0,-0.14830811368510982,0,0.03623150518897018,0.0
cat,n300,directional,2.0,two_tailed,54.4,0.1375099007677624,12.2,0.22477614977614974,0.4495522995522995,0.07646803609103989,5,0.00270228803834552,-0.024632569478092742
cat,n300,margin_targeted,0.5,bottom_oracle_diagnostic,13.8,0.6201701133713713,0.8,0.058241758241758215,0.029385429385429363,-0.09006635544335158,2,0.00730907967682078,0.0011745329992900798
cat,n300,margin_targeted,0.5,random,13.8,0.6201701133713713,2.06,0.14857142857142852,0.07550264550264547,0.00026331488631870897,5,0.0005985406623434315,0.00026974034983368836
cat,n300,margin_targeted,0.5,top,13.8,0.6201701133713713,0.2,0.01538461538461538,0.007692307692307681,-0.13292349830049446,0,-0.0029740594493330797,-3.321127361854e-05
cat,n300,margin_targeted,0.5,two_tailed,13.8,0.6201701133713713,0.6,0.04285714285714284,0.02169312169312168,-0.10545097082796698,2,-0.0004635800831206,0.0005811863184966
cat,n300,margin_targeted,1.0,bottom_oracle_diagnostic,27.2,0.6201701133713713,1.6,0.059035409035409006,0.059035409035409006,-0.08927270464970079,0,0.01948818558060216,0.0019451078561343801
cat,n300,margin_targeted,1.0,random,27.2,0.6201701133713713,3.72,0.13677045177045172,0.13677045177045172,-0.011537661914658087,1,0.0021073196650960046,0.0007808061039927671
cat,n300,margin_targeted,1.0,top,27.2,0.6201701133713713,4.8,0.17846967846967846,0.17846967846967846,0.03016156478456857,0,-0.0036184229549989996,-0.00015343673875452003
cat,n300,margin_targeted,1.0,two_tailed,27.2,0.6201701133713713,1.0,0.03707773707773706,0.03707773707773706,-0.11123037660737274,0,0.0014402016814535601,0.0011372632809463
cat,n300,margin_targeted,2.0,bottom_oracle_diagnostic,54.4,0.6201701133713713,4.2,0.07729955229955224,0.15459910459910456,-0.07100856138555753,0,0.05202780169201922,0.0031314627185591998
cat,n300,margin_targeted,2.0,random,54.4,0.6201701133713713,7.980000000000001,0.146559829059829,0.2931196581196581,-0.0017482846252808086,0,0.002498950407714224,0.0012111193323920521
cat,n300,margin_targeted,2.0,top,54.4,0.6201701133713713,12.2,0.224053724053724,0.4481074481074481,0.07574561036861413,0,-0.00396459775559198,-0.00099589421853234
cat,n300,margin_targeted,2.0,two_tailed,54.4,0.6201701133713713,6.4,0.11875254375254374,0.23750508750508748,-0.0295555699325661,0,0.0066677048861610395,0.0017442564072049054
cat,n3000,directional,0.5,bottom_oracle_diagnostic,138.8,0.15345248577294823,58.8,0.42325051759834365,0.21204499412073044,0.273456104895601,5,-0.017087747385415335,-0.048589522691209384
cat,n3000,directional,0.5,random,138.8,0.15345248577294823,20.94,0.15085921325051754,0.07558638539269671,0.0010648005477749442,5,0.0005034502697486166,-0.013419302456898319
cat,n3000,directional,0.5,top,138.8,0.15345248577294823,0.0,0.0,0.0,-0.14979441270274263,0,0.0321161074240439,0.0
cat,n3000,directional,0.5,two_tailed,138.8,0.15345248577294823,30.0,0.21600414078674945,0.10820956509596058,0.06620972808400687,5,0.01048434593119564,-0.03308228979054436
cat,n3000,directional,1.0,bottom_oracle_diagnostic,277.0,0.15345248577294823,121.2,0.43712519302421116,0.43712519302421116,0.2873307803214685,5,-0.03679839836425336,-0.06709234607927206
cat,n3000,directional,1.0,random,277.0,0.15345248577294823,42.099999999999994,0.15200050677077323,0.15200050677077323,0.002206094068030596,5,-0.00011787556736200431,-0.02434623455425234
cat,n3000,directional,1.0,top,277.0,0.15345248577294823,0.0,0.0,0.0,-0.14979441270274263,0,0.059703411954827444,0.0
cat,n3000,directional,1.0,two_tailed,277.0,0.15345248577294823,58.8,0.21204499412073044,0.21204499412073044,0.062250581417987824,5,0.01812063345887168,-0.048589522691209384
cat,n3000,directional,2.0,bottom_oracle_diagnostic,554.0,0.15345248577294823,201.0,0.36263059770212647,0.725261195404253,0.21283618499938378,5,-0.058816017341174434,-0.07688288378387062
cat,n3000,directional,2.0,random,554.0,0.15345248577294823,84.17999999999999,0.15194380268321359,0.3038876053664272,0.002149389980470966,5,0.0008156100087807429,-0.042352118801470266
cat,n3000,directional,2.0,top,554.0,0.15345248577294823,0.0,0.0,0.0,-0.14979441270274263,0,0.10214927533509485,0.0
cat,n3000,directional,2.0,two_tailed,554.0,0.15345248577294823,121.2,0.21856259651210558,0.43712519302421116,0.068768183809363,5,0.02911128970863704,-0.06709234607927206
cat,n3000,margin_targeted,0.5,bottom_oracle_diagnostic,138.8,0.6428500500154051,0.0,0.0,0.0,-0.14979441270274263,0,0.008777886470999955,0.0
cat,n3000,margin_targeted,0.5,random,138.8,0.6428500500154051,20.9,0.15061076604554863,0.07547113592345003,0.0008163533428059953,5,0.0007743419710726802,6.545764142088893e-05
cat,n3000,margin_targeted,0.5,top,138.8,0.6428500500154051,0.0,0.0,0.0,-0.14979441270274263,0,0.0019171926596144799,0.0
cat,n3000,margin_targeted,0.5,two_tailed,138.8,0.6428500500154051,0.0,0.0,0.0,-0.14979441270274263,0,-0.0012127534036732602,0.0
cat,n3000,margin_targeted,1.0,bottom_oracle_diagnostic,277.0,0.6428500500154051,0.2,0.0007246376811594201,0.0007246376811594201,-0.1490697750215832,0,0.0279711697638019,9.95416651050629e-06
cat,n3000,margin_targeted,1.0,random,277.0,0.6428500500154051,41.58,0.15011709541821738,0.15011709541821738,0.00032268271547478583,5,0.0008642797174917899,-0.00012885800800970984
cat,n3000,margin_targeted,1.0,top,277.0,0.6428500500154051,0.2,0.0007246376811594201,0.0007246376811594201,-0.1490697750215832,0,0.012578405108277704,-2.8887601821320002e-05
cat,n3000,margin_targeted,1.0,two_tailed,277.0,0.6428500500154051,0.0,0.0,0.0,-0.14979441270274263,0,0.0020423593427221797,0.0
cat,n3000,margin_targeted,2.0,bottom_oracle_diagnostic,554.0,0.6428500500154051,3.8,0.006862074967264281,0.01372414993452858,-0.1429323377354783,0,0.10475229488147571,-1.4287829355220005e-05
cat,n3000,margin_targeted,2.0,random,554.0,0.6428500500154051,82.97999999999999,0.14977347892873835,0.29954695785747676,-2.0933774004255803e-05,4,0.0022035015280851148,-0.00011902920311562207
cat,n3000,margin_targeted,2.0,top,554.0,0.6428500500154051,70.2,0.1266371509120457,0.2532743018240914,-0.023157261790696923,0,0.03009183246899968,0.00013322585202514033
cat,n3000,margin_targeted,2.0,two_tailed,554.0,0.6428500500154051,0.4,0.0007246376811594201,0.0014492753623188402,-0.1490697750215832,0,0.010701576755243119,-1.87255853085766e-05
resp,n1000,directional,0.5,bottom_oracle_diagnostic,52.0,0.10084177245101608,33.2,0.6384615384615385,0.31776556776556775,0.48914852068337805,5,-0.017302744404321578,-0.0407887348887336
resp,n1000,directional,0.5,random,52.0,0.10084177245101608,7.56,0.14538461538461533,0.07240476190476186,-0.003928402393544971,5,0.0004921304911193735,-0.008562394738547365
resp,n1000,directional,0.5,top,52.0,0.10084177245101608,0.0,0.0,0.0,-0.14931301777816036,0,0.021164016754364582,0.0
resp,n1000,directional,0.5,two_tailed,52.0,0.10084177245101608,18.0,0.3461538461538461,0.17228937728937724,0.19684082837568576,5,0.004368134460263481,-0.026593692173703498
resp,n1000,directional,1.0,bottom_oracle_diagnostic,104.4,0.10084177245101608,60.8,0.581978021978022,0.581978021978022,0.4326650041998616,5,-0.03591717874480744,-0.05884625732358156
resp,n1000,directional,1.0,random,104.4,0.10084177245101608,16.1,0.15421794871794864,0.15421794871794864,0.004904930939788351,5,0.0010010314557155203,-0.01752090361375226
resp,n1000,directional,1.0,top,104.4,0.10084177245101608,0.0,0.0,0.0,-0.14931301777816036,0,0.03930399710591166,0.0
resp,n1000,directional,1.0,two_tailed,104.4,0.10084177245101608,33.6,0.32157509157509157,0.32157509157509157,0.1722620737969312,5,0.00517351472524554,-0.04101200632454165
resp,n1000,directional,2.0,bottom_oracle_diagnostic,208.8,0.10084177245101608,90.0,0.43086080586080583,0.8617216117216117,0.28154778808264547,5,-0.06392678213578872,-0.07091359996795885
resp,n1000,directional,2.0,random,208.8,0.10084177245101608,31.6,0.1513406593406593,0.30268131868131865,0.0020276415624989807,5,0.002021093479443732,-0.03193656352384687
resp,n1000,directional,2.0,top,208.8,0.10084177245101608,0.8,0.0038461538461538403,0.007692307692307681,-0.14546686393200653,0,0.06959692860417942,-0.00032541802408049997
resp,n1000,directional,2.0,two_tailed,208.8,0.10084177245101608,60.8,0.290989010989011,0.581978021978022,0.14167599321085061,5,0.0058155408087271435,-0.05884625732358156
resp,n1000,margin_targeted,0.5,bottom_oracle_diagnostic,52.0,0.5995261422362262,0.0,0.0,0.0,-0.14931301777816036,0,0.006823819718549176,0.0
resp,n1000,margin_targeted,0.5,random,52.0,0.5995261422362262,8.16,0.1569230769230769,0.07814652014652011,0.007610059144916542,5,0.0005755765865263021,-0.00011958207715140902
resp,n1000,margin_targeted,0.5,top,52.0,0.5995261422362262,0.0,0.0,0.0,-0.14931301777816036,0,0.00013564933036357938,0.0
resp,n1000,margin_targeted,0.5,two_tailed,52.0,0.5995261422362262,0.0,0.0,0.0,-0.14931301777816036,0,0.0022346429656592602,0.0
resp,n1000,margin_targeted,1.0,bottom_oracle_diagnostic,104.4,0.5995261422362262,0.0,0.0,0.0,-0.14931301777816036,0,0.015277603025439079,0.0
resp,n1000,margin_targeted,1.0,random,104.4,0.5995261422362262,15.5,0.14846153846153842,0.14846153846153842,-0.0008514793166219097,5,0.0013817430015330516,-0.00039270120837466775
resp,n1000,margin_targeted,1.0,top,104.4,0.5995261422362262,1.4,0.01344322344322342,0.01344322344322342,-0.1358697943349369,0,0.0028921822674426202,0.00012705212046855104
resp,n1000,margin_targeted,1.0,two_tailed,104.4,0.5995261422362262,0.0,0.0,0.0,-0.14931301777816036,0,0.0033935387000998797,0.0
resp,n1000,margin_targeted,2.0,bottom_oracle_diagnostic,208.8,0.5995261422362262,4.8,0.02301282051282048,0.04602564102564098,-0.12630019726533984,0,0.04097921153728048,-0.0009340111250984169
resp,n1000,margin_targeted,2.0,random,208.8,0.5995261422362262,30.560000000000002,0.14634340659340656,0.29268681318681317,-0.002969611184753764,3,0.002762227447098384,-0.0007667723925908296
resp,n1000,margin_targeted,2.0,top,208.8,0.5995261422362262,28.8,0.13788461538461533,0.27576923076923077,-0.011428402393544961,0,0.005101473799454618,-0.0003210489331931871
resp,n1000,margin_targeted,2.0,two_tailed,208.8,0.5995261422362262,1.4,0.006721611721611701,0.01344322344322342,-0.14259140605654863,0,0.0072233956505963395,0.00012705212046855104
resp,n300,directional,0.5,bottom_oracle_diagnostic,16.0,0.15819066498468184,7.4,0.4625,0.2387096774193548,0.31488095238095226,5,-0.00431379520509088,-0.010509796722802079
resp,n300,directional,0.5,random,16.0,0.15819066498468184,2.1399999999999997,0.13374999999999998,0.0690322580645161,-0.013869047619047633,5,0.00011052501865840691,-0.0016764313339027506
resp,n300,directional,0.5,top,16.0,0.15819066498468184,0.0,0.0,0.0,-0.1476190476190476,0,0.00280833216383996,0.0
resp,n300,directional,0.5,two_tailed,16.0,0.15819066498468184,3.0,0.1875,0.09677419354838705,0.039880952380952364,4,-0.0002705152462956199,-0.007173719809921207
resp,n300,directional,1.0,bottom_oracle_diagnostic,31.0,0.15819066498468184,13.4,0.432258064516129,0.432258064516129,0.2846390168970813,5,-0.00714566676683452,-0.013386118215438239
resp,n300,directional,1.0,random,31.0,0.15819066498468184,4.24,0.13677419354838705,0.13677419354838705,-0.010844854070660503,5,0.0004165917771384875,-0.002508930763530822
resp,n300,directional,1.0,top,31.0,0.15819066498468184,0.0,0.0,0.0,-0.1476190476190476,0,0.00531338718168658,0.0
resp,n300,directional,1.0,two_tailed,31.0,0.15819066498468184,7.4,0.2387096774193548,0.2387096774193548,0.0910906298003072,5,-0.0016757585890488998,-0.010509796722802079
resp,n300,directional,2.0,bottom_oracle_diagnostic,62.0,0.15819066498468184,22.6,0.3645161290322581,0.7290322580645162,0.21689708141321037,5,-0.00850213787252488,-0.01238976274161264
resp,n300,directional,2.0,random,62.0,0.15819066498468184,8.680000000000001,0.13999999999999996,0.27999999999999997,-0.007619047619047595,5,0.0011493645356775782,-0.004837710072567872
resp,n300,directional,2.0,top,62.0,0.15819066498468184,0.0,0.0,0.0,-0.1476190476190476,0,0.00931171793668872,0.0
resp,n300,directional,2.0,two_tailed,62.0,0.15819066498468184,13.4,0.2161290322580645,0.432258064516129,0.06850998463901688,5,-0.00247933008725272,-0.013386118215438239
resp,n300,margin_targeted,0.5,bottom_oracle_diagnostic,16.0,0.5106505676698505,0.6,0.0375,0.019354838709677396,-0.11011904761904759,3,0.00536926881175374,0.00065479622512812
resp,n300,margin_targeted,0.5,random,16.0,0.5106505676698505,1.9400000000000002,0.12125000000000001,0.0625806451612903,-0.026369047619047636,5,0.0003720353320211954,0.00015354237155626137
resp,n300,margin_targeted,0.5,top,16.0,0.5106505676698505,0.0,0.0,0.0,-0.1476190476190476,0,-0.0034062309941754,0.0
resp,n300,margin_targeted,0.5,two_tailed,16.0,0.5106505676698505,0.0,0.0,0.0,-0.1476190476190476,0,-3.0183658302039994e-05,0.0
resp,n300,margin_targeted,1.0,bottom_oracle_diagnostic,31.0,0.5106505676698505,1.6,0.051612903225806396,0.051612903225806396,-0.09600614439324114,4,0.011067887842842761,0.0008708722821409868
resp,n300,margin_targeted,1.0,random,31.0,0.5106505676698505,4.5,0.1451612903225806,0.1451612903225806,-0.002457757296466967,5,0.0005098389606754714,0.0005462491251090535
resp,n300,margin_targeted,1.0,top,31.0,0.5106505676698505,0.8,0.025806451612903198,0.025806451612903198,-0.12181259600614432,0,-0.0046437963210164395,6.225234818730314e-05
resp,n300,margin_targeted,1.0,two_tailed,31.0,0.5106505676698505,0.6,0.019354838709677396,0.019354838709677396,-0.12826420890937013,0,5.795813862589996e-05,0.00065479622512812
resp,n300,margin_targeted,2.0,bottom_oracle_diagnostic,62.0,0.5106505676698505,6.0,0.09677419354838705,0.1935483870967742,-0.050844854070660486,2,0.02627244626658376,0.00285678240934002
resp,n300,margin_targeted,2.0,random,62.0,0.5106505676698505,9.459999999999999,0.15258064516129027,0.30516129032258066,0.0049615975422426985,4,0.001851236327512865,0.0014024173799940846
resp,n300,margin_targeted,2.0,top,62.0,0.5106505676698505,6.2,0.09999999999999995,0.19999999999999998,-0.047619047619047575,0,-0.00606289575425484,-1.53658937591047e-05
resp,n300,margin_targeted,2.0,two_tailed,62.0,0.5106505676698505,2.4,0.0387096774193548,0.07741935483870968,-0.10890937019969271,0,0.0011346147659251802,0.0009097893426561049
resp,n3000,directional,0.5,bottom_oracle_diagnostic,157.0,0.1449973989100931,78.4,0.49936305732484076,0.24968152866242038,0.34971095554886034,5,-0.02365935036645752,-0.08366243441703267
resp,n3000,directional,0.5,random,157.0,0.1449973989100931,23.76,0.15133757961783437,0.07566878980891714,0.0016854778418540473,5,0.0007094783128173876,-0.022525131686083354
resp,n3000,directional,0.5,top,157.0,0.1449973989100931,0.0,0.0,0.0,-0.14965210177598032,0,0.07030021010015808,0.0
resp,n3000,directional,0.5,two_tailed,157.0,0.1449973989100931,40.4,0.2573248407643312,0.12866242038216555,0.10767273898835086,5,0.03111334513045792,-0.05699237117989926
resp,n3000,directional,1.0,bottom_oracle_diagnostic,314.0,0.1449973989100931,148.8,0.47388535031847134,0.47388535031847134,0.3242332485424909,5,-0.06441136968136282,-0.11424269653800063
resp,n3000,directional,1.0,random,314.0,0.1449973989100931,46.980000000000004,0.14961783439490445,0.14961783439490445,-3.426738107589781e-05,5,0.001926941638998534,-0.04143361637242585
resp,n3000,directional,1.0,top,314.0,0.1449973989100931,0.2,0.00063694267515922,0.00063694267515922,-0.14901515910082108,0,0.12885970988443585,-0.00015973786582702002
resp,n3000,directional,1.0,two_tailed,314.0,0.1449973989100931,78.4,0.24968152866242038,0.24968152866242038,0.10002942688644004,5,0.05720653503278742,-0.08366243441703267
resp,n3000,directional,2.0,bottom_oracle_diagnostic,628.0,0.1449973989100931,239.6,0.3815286624203821,0.7630573248407643,0.23187656064440176,5,-0.1154952469056644,-0.132170867582618
resp,n3000,directional,2.0,random,628.0,0.1449973989100931,93.46,0.14882165605095538,0.29764331210191075,-0.0008304457250249409,5,0.004250336559696531,-0.0713767645479698
resp,n3000,directional,2.0,top,628.0,0.1449973989100931,1.4,0.00222929936305728,0.004458598726114619,-0.147422802412923,0,0.22739045676108832,-0.0006808549580494423
resp,n3000,directional,2.0,two_tailed,628.0,0.1449973989100931,149.0,0.23726114649681523,0.4745222929936306,0.08760904472083494,5,0.09655861330308742,-0.11436930240536539
resp,n3000,margin_targeted,0.5,bottom_oracle_diagnostic,157.0,0.6044383545361941,0.0,0.0,0.0,-0.14965210177598032,0,0.001793595631605362,0.0
resp,n3000,margin_targeted,0.5,random,157.0,0.6044383545361941,22.9,0.14585987261146494,0.07292993630573244,-0.0037922291645153734,5,0.001017595346130352,-0.00047956851371601047
resp,n3000,margin_targeted,0.5,top,157.0,0.6044383545361941,0.2,0.00127388535031846,0.00063694267515922,-0.14837821642566185,0,0.020985271635538122,2.611927811588e-05
resp,n3000,margin_targeted,0.5,two_tailed,157.0,0.6044383545361941,0.0,0.0,0.0,-0.14965210177598032,0,0.00726777887185362,0.0
resp,n3000,margin_targeted,1.0,bottom_oracle_diagnostic,314.0,0.6044383545361941,0.8,0.0025477707006368996,0.0025477707006368996,-0.14710433107534335,0,0.01153667132016252,-5.92259522033872e-05
resp,n3000,margin_targeted,1.0,random,314.0,0.6044383545361941,45.6,0.1452229299363057,0.1452229299363057,-0.00442917183967462,5,0.002150138220131468,-0.0006683483197652805
resp,n3000,margin_targeted,1.0,top,314.0,0.6044383545361941,3.6,0.011464968152866201,0.011464968152866201,-0.13818713362311408,0,0.048497392282615584,0.0002518549132958011
resp,n3000,margin_targeted,1.0,two_tailed,314.0,0.6044383545361941,0.2,0.00063694267515922,0.00063694267515922,-0.14901515910082108,0,0.01789172356064012,2.611927811588e-05
resp,n3000,margin_targeted,2.0,bottom_oracle_diagnostic,628.0,0.6044383545361941,14.0,0.0222929936305732,0.04458598726114642,-0.12735910814540707,0,0.07829283489347882,-0.0012305130840499774
resp,n3000,margin_targeted,2.0,random,628.0,0.6044383545361941,93.5,0.1488853503184713,0.29777070063694266,-0.0007667514575090084,4,0.00486372519804007,-0.0011833550028209118
resp,n3000,margin_targeted,2.0,top,628.0,0.6044383545361941,83.6,0.1331210191082802,0.2662420382165605,-0.01653108266770006,0,0.09138523943242485,0.00266402869934108
resp,n3000,margin_targeted,2.0,two_tailed,628.0,0.6044383545361941,4.4,0.0070063694267515405,0.014012738853503121,-0.14264573234922873,0,0.04260438884676805,0.00018726844050976108
