claim_id,macro,section,claim,family,dataset_pool,splits_seeds,attack,detector,budget,metric,value,uncertainty,source_artifact,columns_filter,status
C001,\vNPool,IV,source pool size,FAMILY-A,"one HH-RLHF helpful-base pool, n=300, seed 0",n/a,n/a,n/a,n/a,count,300,fixed,repeated_split_stability.py,"load_preference_subset(n=300, seed=0)",supported
C002,\vNSeeds,IV,number of repeated splits,FAMILY-A,"one HH-RLHF helpful-base pool, n=300, seed 0","20 splits (seeds 0-19), same pool",all,all,"int(0.15*n_train), 26-27 of 175-183",count,20,fixed,repeated_split_meta.csv,"seed, nunique",supported
C003,\vNTrainMin,IV,smallest filtered training set,FAMILY-A,"one HH-RLHF helpful-base pool, n=300, seed 0","20 splits (seeds 0-19), same pool",n/a,n/a,"int(0.15*n_train), 26-27 of 175-183",count,175,range 175-183,repeated_split_meta.csv,"n_filtered, min",supported
C004,\vNTrainMax,IV,largest filtered training set,FAMILY-A,"one HH-RLHF helpful-base pool, n=300, seed 0","20 splits (seeds 0-19), same pool",n/a,n/a,"int(0.15*n_train), 26-27 of 175-183",count,183,range,repeated_split_meta.csv,"n_filtered, max",supported
C005,\vZeroNormMin,IV,fewest zero-norm rows removed,FAMILY-A,"one HH-RLHF helpful-base pool, n=300, seed 0","20 splits (seeds 0-19), same pool",n/a,n/a,n/a,count,27,range,repeated_split_meta.csv,"zero_norm_removed, min",supported
C006,\vZeroNormMax,IV,most zero-norm rows removed,FAMILY-A,"one HH-RLHF helpful-base pool, n=300, seed 0","20 splits (seeds 0-19), same pool",n/a,n/a,n/a,count,35,range,repeated_split_meta.csv,"zero_norm_removed, max",supported
C007,\vZeroNormPct,IV,share of pre-filter training rows with a zero-norm difference feature,FAMILY-A,"one HH-RLHF helpful-base pool, n=300, seed 0","20 splits (seeds 0-19), same pool",n/a,n/a,n/a,percent,15,pooled over 20 splits,repeated_split_meta.csv,zero_norm_removed / n_pre_filter,supported
C008,\vBudgetMin,IV,smallest attack budget,FAMILY-A,"one HH-RLHF helpful-base pool, n=300, seed 0","20 splits (seeds 0-19), same pool",all,n/a,"int(0.15*n_train), 26-27 of 175-183",count,26,range,repeated_split_meta.csv,"budget, min",supported
C009,\vBudgetMax,IV,largest attack budget,FAMILY-A,"one HH-RLHF helpful-base pool, n=300, seed 0","20 splits (seeds 0-19), same pool",all,n/a,"int(0.15*n_train), 26-27 of 175-183",count,27,range,repeated_split_meta.csv,"budget, max",supported
C010,\vNGates,IV,reproduction gates run before any new value was written,FAMILY-A,"one HH-RLHF helpful-base pool, n=300, seed 0","20 splits (seeds 0-19), same pool",all,all,"int(0.15*n_train), 26-27 of 175-183",count,35,all passed,evidence/reproduction_gates.csv,row count,supported
C011,\vLamSelNGrid,IV,regularization values scored on held-out accuracy before the value was fixed,FAMILY-A,"one HH-RLHF helpful-base pool, n=300, seed 0",seed 0 only,none,n/a,n/a,count,4,"1e-2, 1e-3, 1e-4, 1e-5; one split, no attack applied",results/holdout_reuse_audit.json,"lam_sweep, key count",supported
C012,\vLamSelNHoldout,IV,held-out comparisons the regularization value was selected on,FAMILY-A,"one HH-RLHF helpful-base pool, n=300, seed 0",seed 0 only,none,n/a,n/a,count,90,unfiltered; 8 carry a zero-norm difference feature,results/holdout_reuse_audit.json,holdout_n,supported
C013,\vLamSelAccEmTwo,IV,held-out accuracy at lam = 1e-02 in the selection sweep,FAMILY-A,"one HH-RLHF helpful-base pool, n=300, seed 0",seed 0 only,none,n/a,n/a,held-out accuracy,0.5556,"single split, single fit; no spread available",results/holdout_reuse_audit.json,lam_sweep.1e-02.acc_all_90,supported
C014,\vLamSelAccEmThree,IV,held-out accuracy at lam = 1e-03 in the selection sweep,FAMILY-A,"one HH-RLHF helpful-base pool, n=300, seed 0",seed 0 only,none,n/a,n/a,held-out accuracy,0.5556,"single split, single fit; no spread available",results/holdout_reuse_audit.json,lam_sweep.1e-03.acc_all_90,supported
C015,\vLamSelAccEmFour,IV,held-out accuracy at lam = 1e-04 in the selection sweep,FAMILY-A,"one HH-RLHF helpful-base pool, n=300, seed 0",seed 0 only,none,n/a,n/a,held-out accuracy,0.6000,"single split, single fit; no spread available",results/holdout_reuse_audit.json,lam_sweep.1e-04.acc_all_90,supported
C016,\vLamSelAccEmFive,IV,held-out accuracy at lam = 1e-05 in the selection sweep,FAMILY-A,"one HH-RLHF helpful-base pool, n=300, seed 0",seed 0 only,none,n/a,n/a,held-out accuracy,0.5778,"single split, single fit; no spread available",results/holdout_reuse_audit.json,lam_sweep.1e-05.acc_all_90,supported
C017,\vAurocRandSelfInf,V-A,"E1 random_flip / self_influence auroc, 20-split mean",FAMILY-A,"one HH-RLHF helpful-base pool, n=300, seed 0","20 splits (seeds 0-19), same pool",random_flip,self_influence,"int(0.15*n_train), 26-27 of 175-183",auroc,0.6047,sd 0.0455; unchanged by the orientation fix,repeated_split_summary.csv,"attack=random_flip, detector=self_influence, auroc, mean",supported
C018,\vAurocRandSelfInfSd,V-A,E1 random_flip / self_influence auroc across-split sd,FAMILY-A,"one HH-RLHF helpful-base pool, n=300, seed 0","20 splits (seeds 0-19), same pool",random_flip,self_influence,"int(0.15*n_train), 26-27 of 175-183",auroc sd,0.0455,"across-split sd, not a population interval",repeated_split_summary.csv,"attack=random_flip, detector=self_influence, auroc, sd",supported
C019,\vPrecRandSelfInf,V-A,"E1 random_flip / self_influence precision_at_budget, 20-split mean",FAMILY-A,"one HH-RLHF helpful-base pool, n=300, seed 0","20 splits (seeds 0-19), same pool",random_flip,self_influence,"int(0.15*n_train), 26-27 of 175-183",precision_at_budget,0.2454,sd 0.0785; unchanged by the orientation fix,repeated_split_summary.csv,"attack=random_flip, detector=self_influence, precision_at_budget, mean",supported
C020,\vPrecRandSelfInfSd,V-A,E1 random_flip / self_influence precision_at_budget across-split sd,FAMILY-A,"one HH-RLHF helpful-base pool, n=300, seed 0","20 splits (seeds 0-19), same pool",random_flip,self_influence,"int(0.15*n_train), 26-27 of 175-183",precision_at_budget sd,0.0785,"across-split sd, not a population interval",repeated_split_summary.csv,"attack=random_flip, detector=self_influence, precision_at_budget, sd",supported
C021,\vAurocRandCrossFit,V-A,"E1 random_flip / cross_fit auroc, 20-split mean",FAMILY-A,"one HH-RLHF helpful-base pool, n=300, seed 0","20 splits (seeds 0-19), same pool",random_flip,cross_fit,"int(0.15*n_train), 26-27 of 175-183",auroc,0.5983,sd 0.0477; unchanged by the orientation fix,repeated_split_summary.csv,"attack=random_flip, detector=cross_fit, auroc, mean",supported
C022,\vAurocRandCrossFitSd,V-A,E1 random_flip / cross_fit auroc across-split sd,FAMILY-A,"one HH-RLHF helpful-base pool, n=300, seed 0","20 splits (seeds 0-19), same pool",random_flip,cross_fit,"int(0.15*n_train), 26-27 of 175-183",auroc sd,0.0477,"across-split sd, not a population interval",repeated_split_summary.csv,"attack=random_flip, detector=cross_fit, auroc, sd",supported
C023,\vPrecRandCrossFit,V-A,"E1 random_flip / cross_fit precision_at_budget, 20-split mean",FAMILY-A,"one HH-RLHF helpful-base pool, n=300, seed 0","20 splits (seeds 0-19), same pool",random_flip,cross_fit,"int(0.15*n_train), 26-27 of 175-183",precision_at_budget,0.2205,sd 0.0631; unchanged by the orientation fix,repeated_split_summary.csv,"attack=random_flip, detector=cross_fit, precision_at_budget, mean",supported
C024,\vPrecRandCrossFitSd,V-A,E1 random_flip / cross_fit precision_at_budget across-split sd,FAMILY-A,"one HH-RLHF helpful-base pool, n=300, seed 0","20 splits (seeds 0-19), same pool",random_flip,cross_fit,"int(0.15*n_train), 26-27 of 175-183",precision_at_budget sd,0.0631,"across-split sd, not a population interval",repeated_split_summary.csv,"attack=random_flip, detector=cross_fit, precision_at_budget, sd",supported
C025,\vAurocRandTrainDyn,V-A,"E1 random_flip / training_dynamics auroc, 20-split mean",FAMILY-A,"one HH-RLHF helpful-base pool, n=300, seed 0","20 splits (seeds 0-19), same pool",random_flip,training_dynamics,"int(0.15*n_train), 26-27 of 175-183",auroc,0.5794,sd 0.0498; unchanged by the orientation fix,repeated_split_summary.csv,"attack=random_flip, detector=training_dynamics, auroc, mean",supported
C026,\vAurocRandTrainDynSd,V-A,E1 random_flip / training_dynamics auroc across-split sd,FAMILY-A,"one HH-RLHF helpful-base pool, n=300, seed 0","20 splits (seeds 0-19), same pool",random_flip,training_dynamics,"int(0.15*n_train), 26-27 of 175-183",auroc sd,0.0498,"across-split sd, not a population interval",repeated_split_summary.csv,"attack=random_flip, detector=training_dynamics, auroc, sd",supported
C027,\vPrecRandTrainDyn,V-A,"E1 random_flip / training_dynamics precision_at_budget, 20-split mean",FAMILY-A,"one HH-RLHF helpful-base pool, n=300, seed 0","20 splits (seeds 0-19), same pool",random_flip,training_dynamics,"int(0.15*n_train), 26-27 of 175-183",precision_at_budget,0.1873,sd 0.0621; unchanged by the orientation fix,repeated_split_summary.csv,"attack=random_flip, detector=training_dynamics, precision_at_budget, mean",supported
C028,\vPrecRandTrainDynSd,V-A,E1 random_flip / training_dynamics precision_at_budget across-split sd,FAMILY-A,"one HH-RLHF helpful-base pool, n=300, seed 0","20 splits (seeds 0-19), same pool",random_flip,training_dynamics,"int(0.15*n_train), 26-27 of 175-183",precision_at_budget sd,0.0621,"across-split sd, not a population interval",repeated_split_summary.csv,"attack=random_flip, detector=training_dynamics, precision_at_budget, sd",supported
C029,\vAurocRandEns,V-A,"E1 random_flip / ensemble auroc, 20-split mean",FAMILY-A,"one HH-RLHF helpful-base pool, n=300, seed 0","20 splits (seeds 0-19), same pool",random_flip,ensemble,"int(0.15*n_train), 26-27 of 175-183",auroc,0.6027,sd 0.0448; unchanged by the orientation fix,repeated_split_summary.csv,"attack=random_flip, detector=ensemble, auroc, mean",supported
C030,\vAurocRandEnsSd,V-A,E1 random_flip / ensemble auroc across-split sd,FAMILY-A,"one HH-RLHF helpful-base pool, n=300, seed 0","20 splits (seeds 0-19), same pool",random_flip,ensemble,"int(0.15*n_train), 26-27 of 175-183",auroc sd,0.0448,"across-split sd, not a population interval",repeated_split_summary.csv,"attack=random_flip, detector=ensemble, auroc, sd",supported
C031,\vPrecRandEns,V-A,"E1 random_flip / ensemble precision_at_budget, 20-split mean",FAMILY-A,"one HH-RLHF helpful-base pool, n=300, seed 0","20 splits (seeds 0-19), same pool",random_flip,ensemble,"int(0.15*n_train), 26-27 of 175-183",precision_at_budget,0.2377,sd 0.0676; unchanged by the orientation fix,repeated_split_summary.csv,"attack=random_flip, detector=ensemble, precision_at_budget, mean",supported
C032,\vPrecRandEnsSd,V-A,E1 random_flip / ensemble precision_at_budget across-split sd,FAMILY-A,"one HH-RLHF helpful-base pool, n=300, seed 0","20 splits (seeds 0-19), same pool",random_flip,ensemble,"int(0.15*n_train), 26-27 of 175-183",precision_at_budget sd,0.0676,"across-split sd, not a population interval",repeated_split_summary.csv,"attack=random_flip, detector=ensemble, precision_at_budget, sd",supported
C033,\vAurocGradSelfInf,V-A,"E1 gradient_flip / self_influence auroc, 20-split mean",FAMILY-A,"one HH-RLHF helpful-base pool, n=300, seed 0","20 splits (seeds 0-19), same pool",gradient_flip,self_influence,"int(0.15*n_train), 26-27 of 175-183",auroc,0.3053,sd 0.0409; canonical +v orientation: largest-|.| coordinate of the top eigenvector forced positive,evidence/directional_orientation/orientation_per_split.csv,"attack=gradient_flip, detector=self_influence, auroc, mean",supported; canonical +v orientation: largest-|.| coordinate of the top eigenvector forced positive
C034,\vAurocGradSelfInfSd,V-A,E1 gradient_flip / self_influence auroc across-split sd,FAMILY-A,"one HH-RLHF helpful-base pool, n=300, seed 0","20 splits (seeds 0-19), same pool",gradient_flip,self_influence,"int(0.15*n_train), 26-27 of 175-183",auroc sd,0.0409,"across-split sd, not a population interval",evidence/directional_orientation/orientation_per_split.csv,"attack=gradient_flip, detector=self_influence, auroc, sd",supported; canonical +v orientation: largest-|.| coordinate of the top eigenvector forced positive
C035,\vPrecGradSelfInf,V-A,"E1 gradient_flip / self_influence precision_at_budget, 20-split mean",FAMILY-A,"one HH-RLHF helpful-base pool, n=300, seed 0","20 splits (seeds 0-19), same pool",gradient_flip,self_influence,"int(0.15*n_train), 26-27 of 175-183",precision_at_budget,0.0151,sd 0.0257; canonical +v orientation: largest-|.| coordinate of the top eigenvector forced positive,evidence/directional_orientation/orientation_per_split.csv,"attack=gradient_flip, detector=self_influence, precision_at_budget, mean",supported; canonical +v orientation: largest-|.| coordinate of the top eigenvector forced positive
C036,\vPrecGradSelfInfSd,V-A,E1 gradient_flip / self_influence precision_at_budget across-split sd,FAMILY-A,"one HH-RLHF helpful-base pool, n=300, seed 0","20 splits (seeds 0-19), same pool",gradient_flip,self_influence,"int(0.15*n_train), 26-27 of 175-183",precision_at_budget sd,0.0257,"across-split sd, not a population interval",evidence/directional_orientation/orientation_per_split.csv,"attack=gradient_flip, detector=self_influence, precision_at_budget, sd",supported; canonical +v orientation: largest-|.| coordinate of the top eigenvector forced positive
C037,\vAurocGradCrossFit,V-A,"E1 gradient_flip / cross_fit auroc, 20-split mean",FAMILY-A,"one HH-RLHF helpful-base pool, n=300, seed 0","20 splits (seeds 0-19), same pool",gradient_flip,cross_fit,"int(0.15*n_train), 26-27 of 175-183",auroc,0.3085,sd 0.0448; canonical +v orientation: largest-|.| coordinate of the top eigenvector forced positive,evidence/directional_orientation/orientation_per_split.csv,"attack=gradient_flip, detector=cross_fit, auroc, mean",supported; canonical +v orientation: largest-|.| coordinate of the top eigenvector forced positive
C038,\vAurocGradCrossFitSd,V-A,E1 gradient_flip / cross_fit auroc across-split sd,FAMILY-A,"one HH-RLHF helpful-base pool, n=300, seed 0","20 splits (seeds 0-19), same pool",gradient_flip,cross_fit,"int(0.15*n_train), 26-27 of 175-183",auroc sd,0.0448,"across-split sd, not a population interval",evidence/directional_orientation/orientation_per_split.csv,"attack=gradient_flip, detector=cross_fit, auroc, sd",supported; canonical +v orientation: largest-|.| coordinate of the top eigenvector forced positive
C039,\vPrecGradCrossFit,V-A,"E1 gradient_flip / cross_fit precision_at_budget, 20-split mean",FAMILY-A,"one HH-RLHF helpful-base pool, n=300, seed 0","20 splits (seeds 0-19), same pool",gradient_flip,cross_fit,"int(0.15*n_train), 26-27 of 175-183",precision_at_budget,0.0489,sd 0.0501; canonical +v orientation: largest-|.| coordinate of the top eigenvector forced positive,evidence/directional_orientation/orientation_per_split.csv,"attack=gradient_flip, detector=cross_fit, precision_at_budget, mean",supported; canonical +v orientation: largest-|.| coordinate of the top eigenvector forced positive
C040,\vPrecGradCrossFitSd,V-A,E1 gradient_flip / cross_fit precision_at_budget across-split sd,FAMILY-A,"one HH-RLHF helpful-base pool, n=300, seed 0","20 splits (seeds 0-19), same pool",gradient_flip,cross_fit,"int(0.15*n_train), 26-27 of 175-183",precision_at_budget sd,0.0501,"across-split sd, not a population interval",evidence/directional_orientation/orientation_per_split.csv,"attack=gradient_flip, detector=cross_fit, precision_at_budget, sd",supported; canonical +v orientation: largest-|.| coordinate of the top eigenvector forced positive
C041,\vAurocGradTrainDyn,V-A,"E1 gradient_flip / training_dynamics auroc, 20-split mean",FAMILY-A,"one HH-RLHF helpful-base pool, n=300, seed 0","20 splits (seeds 0-19), same pool",gradient_flip,training_dynamics,"int(0.15*n_train), 26-27 of 175-183",auroc,0.2620,sd 0.0589; canonical +v orientation: largest-|.| coordinate of the top eigenvector forced positive,evidence/directional_orientation/orientation_per_split.csv,"attack=gradient_flip, detector=training_dynamics, auroc, mean",supported; canonical +v orientation: largest-|.| coordinate of the top eigenvector forced positive
C042,\vAurocGradTrainDynSd,V-A,E1 gradient_flip / training_dynamics auroc across-split sd,FAMILY-A,"one HH-RLHF helpful-base pool, n=300, seed 0","20 splits (seeds 0-19), same pool",gradient_flip,training_dynamics,"int(0.15*n_train), 26-27 of 175-183",auroc sd,0.0589,"across-split sd, not a population interval",evidence/directional_orientation/orientation_per_split.csv,"attack=gradient_flip, detector=training_dynamics, auroc, sd",supported; canonical +v orientation: largest-|.| coordinate of the top eigenvector forced positive
C043,\vPrecGradTrainDyn,V-A,"E1 gradient_flip / training_dynamics precision_at_budget, 20-split mean",FAMILY-A,"one HH-RLHF helpful-base pool, n=300, seed 0","20 splits (seeds 0-19), same pool",gradient_flip,training_dynamics,"int(0.15*n_train), 26-27 of 175-183",precision_at_budget,0.0000,sd 0.0000; canonical +v orientation: largest-|.| coordinate of the top eigenvector forced positive,evidence/directional_orientation/orientation_per_split.csv,"attack=gradient_flip, detector=training_dynamics, precision_at_budget, mean",supported; canonical +v orientation: largest-|.| coordinate of the top eigenvector forced positive
C044,\vPrecGradTrainDynSd,V-A,E1 gradient_flip / training_dynamics precision_at_budget across-split sd,FAMILY-A,"one HH-RLHF helpful-base pool, n=300, seed 0","20 splits (seeds 0-19), same pool",gradient_flip,training_dynamics,"int(0.15*n_train), 26-27 of 175-183",precision_at_budget sd,0.0000,"across-split sd, not a population interval",evidence/directional_orientation/orientation_per_split.csv,"attack=gradient_flip, detector=training_dynamics, precision_at_budget, sd",supported; canonical +v orientation: largest-|.| coordinate of the top eigenvector forced positive
C045,\vAurocGradEns,V-A,"E1 gradient_flip / ensemble auroc, 20-split mean",FAMILY-A,"one HH-RLHF helpful-base pool, n=300, seed 0","20 splits (seeds 0-19), same pool",gradient_flip,ensemble,"int(0.15*n_train), 26-27 of 175-183",auroc,0.2770,sd 0.0455; canonical +v orientation: largest-|.| coordinate of the top eigenvector forced positive,evidence/directional_orientation/orientation_per_split.csv,"attack=gradient_flip, detector=ensemble, auroc, mean",supported; canonical +v orientation: largest-|.| coordinate of the top eigenvector forced positive
C046,\vAurocGradEnsSd,V-A,E1 gradient_flip / ensemble auroc across-split sd,FAMILY-A,"one HH-RLHF helpful-base pool, n=300, seed 0","20 splits (seeds 0-19), same pool",gradient_flip,ensemble,"int(0.15*n_train), 26-27 of 175-183",auroc sd,0.0455,"across-split sd, not a population interval",evidence/directional_orientation/orientation_per_split.csv,"attack=gradient_flip, detector=ensemble, auroc, sd",supported; canonical +v orientation: largest-|.| coordinate of the top eigenvector forced positive
C047,\vPrecGradEns,V-A,"E1 gradient_flip / ensemble precision_at_budget, 20-split mean",FAMILY-A,"one HH-RLHF helpful-base pool, n=300, seed 0","20 splits (seeds 0-19), same pool",gradient_flip,ensemble,"int(0.15*n_train), 26-27 of 175-183",precision_at_budget,0.0094,sd 0.0206; canonical +v orientation: largest-|.| coordinate of the top eigenvector forced positive,evidence/directional_orientation/orientation_per_split.csv,"attack=gradient_flip, detector=ensemble, precision_at_budget, mean",supported; canonical +v orientation: largest-|.| coordinate of the top eigenvector forced positive
C048,\vPrecGradEnsSd,V-A,E1 gradient_flip / ensemble precision_at_budget across-split sd,FAMILY-A,"one HH-RLHF helpful-base pool, n=300, seed 0","20 splits (seeds 0-19), same pool",gradient_flip,ensemble,"int(0.15*n_train), 26-27 of 175-183",precision_at_budget sd,0.0206,"across-split sd, not a population interval",evidence/directional_orientation/orientation_per_split.csv,"attack=gradient_flip, detector=ensemble, precision_at_budget, sd",supported; canonical +v orientation: largest-|.| coordinate of the top eigenvector forced positive
C049,\vAurocAmbSelfInf,V-A,"E1 ambiguity_flip / self_influence auroc, 20-split mean",FAMILY-A,"one HH-RLHF helpful-base pool, n=300, seed 0","20 splits (seeds 0-19), same pool",ambiguity_flip,self_influence,"int(0.15*n_train), 26-27 of 175-183",auroc,0.4761,sd 0.0417; unchanged by the orientation fix,repeated_split_summary.csv,"attack=ambiguity_flip, detector=self_influence, auroc, mean",supported
C050,\vAurocAmbSelfInfSd,V-A,E1 ambiguity_flip / self_influence auroc across-split sd,FAMILY-A,"one HH-RLHF helpful-base pool, n=300, seed 0","20 splits (seeds 0-19), same pool",ambiguity_flip,self_influence,"int(0.15*n_train), 26-27 of 175-183",auroc sd,0.0417,"across-split sd, not a population interval",repeated_split_summary.csv,"attack=ambiguity_flip, detector=self_influence, auroc, sd",supported
C051,\vPrecAmbSelfInf,V-A,"E1 ambiguity_flip / self_influence precision_at_budget, 20-split mean",FAMILY-A,"one HH-RLHF helpful-base pool, n=300, seed 0","20 splits (seeds 0-19), same pool",ambiguity_flip,self_influence,"int(0.15*n_train), 26-27 of 175-183",precision_at_budget,0.0718,sd 0.0427; unchanged by the orientation fix,repeated_split_summary.csv,"attack=ambiguity_flip, detector=self_influence, precision_at_budget, mean",supported
C052,\vPrecAmbSelfInfSd,V-A,E1 ambiguity_flip / self_influence precision_at_budget across-split sd,FAMILY-A,"one HH-RLHF helpful-base pool, n=300, seed 0","20 splits (seeds 0-19), same pool",ambiguity_flip,self_influence,"int(0.15*n_train), 26-27 of 175-183",precision_at_budget sd,0.0427,"across-split sd, not a population interval",repeated_split_summary.csv,"attack=ambiguity_flip, detector=self_influence, precision_at_budget, sd",supported
C053,\vAurocAmbCrossFit,V-A,"E1 ambiguity_flip / cross_fit auroc, 20-split mean",FAMILY-A,"one HH-RLHF helpful-base pool, n=300, seed 0","20 splits (seeds 0-19), same pool",ambiguity_flip,cross_fit,"int(0.15*n_train), 26-27 of 175-183",auroc,0.6108,sd 0.0367; unchanged by the orientation fix,repeated_split_summary.csv,"attack=ambiguity_flip, detector=cross_fit, auroc, mean",supported
C054,\vAurocAmbCrossFitSd,V-A,E1 ambiguity_flip / cross_fit auroc across-split sd,FAMILY-A,"one HH-RLHF helpful-base pool, n=300, seed 0","20 splits (seeds 0-19), same pool",ambiguity_flip,cross_fit,"int(0.15*n_train), 26-27 of 175-183",auroc sd,0.0367,"across-split sd, not a population interval",repeated_split_summary.csv,"attack=ambiguity_flip, detector=cross_fit, auroc, sd",supported
C055,\vPrecAmbCrossFit,V-A,"E1 ambiguity_flip / cross_fit precision_at_budget, 20-split mean",FAMILY-A,"one HH-RLHF helpful-base pool, n=300, seed 0","20 splits (seeds 0-19), same pool",ambiguity_flip,cross_fit,"int(0.15*n_train), 26-27 of 175-183",precision_at_budget,0.0397,sd 0.0359; unchanged by the orientation fix,repeated_split_summary.csv,"attack=ambiguity_flip, detector=cross_fit, precision_at_budget, mean",supported
C056,\vPrecAmbCrossFitSd,V-A,E1 ambiguity_flip / cross_fit precision_at_budget across-split sd,FAMILY-A,"one HH-RLHF helpful-base pool, n=300, seed 0","20 splits (seeds 0-19), same pool",ambiguity_flip,cross_fit,"int(0.15*n_train), 26-27 of 175-183",precision_at_budget sd,0.0359,"across-split sd, not a population interval",repeated_split_summary.csv,"attack=ambiguity_flip, detector=cross_fit, precision_at_budget, sd",supported
C057,\vAurocAmbTrainDyn,V-A,"E1 ambiguity_flip / training_dynamics auroc, 20-split mean",FAMILY-A,"one HH-RLHF helpful-base pool, n=300, seed 0","20 splits (seeds 0-19), same pool",ambiguity_flip,training_dynamics,"int(0.15*n_train), 26-27 of 175-183",auroc,0.8265,sd 0.0301; unchanged by the orientation fix,repeated_split_summary.csv,"attack=ambiguity_flip, detector=training_dynamics, auroc, mean",supported
C058,\vAurocAmbTrainDynSd,V-A,E1 ambiguity_flip / training_dynamics auroc across-split sd,FAMILY-A,"one HH-RLHF helpful-base pool, n=300, seed 0","20 splits (seeds 0-19), same pool",ambiguity_flip,training_dynamics,"int(0.15*n_train), 26-27 of 175-183",auroc sd,0.0301,"across-split sd, not a population interval",repeated_split_summary.csv,"attack=ambiguity_flip, detector=training_dynamics, auroc, sd",supported
C059,\vPrecAmbTrainDyn,V-A,"E1 ambiguity_flip / training_dynamics precision_at_budget, 20-split mean",FAMILY-A,"one HH-RLHF helpful-base pool, n=300, seed 0","20 splits (seeds 0-19), same pool",ambiguity_flip,training_dynamics,"int(0.15*n_train), 26-27 of 175-183",precision_at_budget,0.5452,sd 0.0406; unchanged by the orientation fix,repeated_split_summary.csv,"attack=ambiguity_flip, detector=training_dynamics, precision_at_budget, mean",supported
C060,\vPrecAmbTrainDynSd,V-A,E1 ambiguity_flip / training_dynamics precision_at_budget across-split sd,FAMILY-A,"one HH-RLHF helpful-base pool, n=300, seed 0","20 splits (seeds 0-19), same pool",ambiguity_flip,training_dynamics,"int(0.15*n_train), 26-27 of 175-183",precision_at_budget sd,0.0406,"across-split sd, not a population interval",repeated_split_summary.csv,"attack=ambiguity_flip, detector=training_dynamics, precision_at_budget, sd",supported
C061,\vAurocAmbEns,V-A,"E1 ambiguity_flip / ensemble auroc, 20-split mean",FAMILY-A,"one HH-RLHF helpful-base pool, n=300, seed 0","20 splits (seeds 0-19), same pool",ambiguity_flip,ensemble,"int(0.15*n_train), 26-27 of 175-183",auroc,0.6466,sd 0.0361; unchanged by the orientation fix,repeated_split_summary.csv,"attack=ambiguity_flip, detector=ensemble, auroc, mean",supported
C062,\vAurocAmbEnsSd,V-A,E1 ambiguity_flip / ensemble auroc across-split sd,FAMILY-A,"one HH-RLHF helpful-base pool, n=300, seed 0","20 splits (seeds 0-19), same pool",ambiguity_flip,ensemble,"int(0.15*n_train), 26-27 of 175-183",auroc sd,0.0361,"across-split sd, not a population interval",repeated_split_summary.csv,"attack=ambiguity_flip, detector=ensemble, auroc, sd",supported
C063,\vPrecAmbEns,V-A,"E1 ambiguity_flip / ensemble precision_at_budget, 20-split mean",FAMILY-A,"one HH-RLHF helpful-base pool, n=300, seed 0","20 splits (seeds 0-19), same pool",ambiguity_flip,ensemble,"int(0.15*n_train), 26-27 of 175-183",precision_at_budget,0.1455,sd 0.0521; unchanged by the orientation fix,repeated_split_summary.csv,"attack=ambiguity_flip, detector=ensemble, precision_at_budget, mean",supported
C064,\vPrecAmbEnsSd,V-A,E1 ambiguity_flip / ensemble precision_at_budget across-split sd,FAMILY-A,"one HH-RLHF helpful-base pool, n=300, seed 0","20 splits (seeds 0-19), same pool",ambiguity_flip,ensemble,"int(0.15*n_train), 26-27 of 175-183",precision_at_budget sd,0.0521,"across-split sd, not a population interval",repeated_split_summary.csv,"attack=ambiguity_flip, detector=ensemble, precision_at_budget, sd",supported
C065,\vEThreeCrossFitQZero,V-C,"E3 AUROC at alpha=0.0 for cross_fit, 20-split mean",FAMILY-A,"one HH-RLHF helpful-base pool, n=300, seed 0","20 splits (seeds 0-19), same pool",ambiguity_flip alpha=0.0,cross_fit,"int(0.15*n_train), 26-27 of 175-183",auroc,0.6213,sd 0.0606,repeated_split_summary.csv,"block=E3, alpha=0.0, detector=cross_fit, mean",supported
C066,\vEThreeSelfInfQZero,V-C,"E3 AUROC at alpha=0.0 for self_influence, 20-split mean",FAMILY-A,"one HH-RLHF helpful-base pool, n=300, seed 0","20 splits (seeds 0-19), same pool",ambiguity_flip alpha=0.0,self_influence,"int(0.15*n_train), 26-27 of 175-183",auroc,0.5339,sd 0.0496,repeated_split_summary.csv,"block=E3, alpha=0.0, detector=self_influence, mean",supported
C067,\vEThreeTrainDynQZero,V-C,"E3 AUROC at alpha=0.0 for training_dynamics, 20-split mean",FAMILY-A,"one HH-RLHF helpful-base pool, n=300, seed 0","20 splits (seeds 0-19), same pool",ambiguity_flip alpha=0.0,training_dynamics,"int(0.15*n_train), 26-27 of 175-183",auroc,0.3002,sd 0.0430,repeated_split_summary.csv,"block=E3, alpha=0.0, detector=training_dynamics, mean",supported
C068,\vEThreeCrossFitQTwentyFive,V-C,"E3 AUROC at alpha=0.25 for cross_fit, 20-split mean",FAMILY-A,"one HH-RLHF helpful-base pool, n=300, seed 0","20 splits (seeds 0-19), same pool",ambiguity_flip alpha=0.25,cross_fit,"int(0.15*n_train), 26-27 of 175-183",auroc,0.6132,sd 0.0591,repeated_split_summary.csv,"block=E3, alpha=0.25, detector=cross_fit, mean",supported
C069,\vEThreeSelfInfQTwentyFive,V-C,"E3 AUROC at alpha=0.25 for self_influence, 20-split mean",FAMILY-A,"one HH-RLHF helpful-base pool, n=300, seed 0","20 splits (seeds 0-19), same pool",ambiguity_flip alpha=0.25,self_influence,"int(0.15*n_train), 26-27 of 175-183",auroc,0.6039,sd 0.0463,repeated_split_summary.csv,"block=E3, alpha=0.25, detector=self_influence, mean",supported
C070,\vEThreeTrainDynQTwentyFive,V-C,"E3 AUROC at alpha=0.25 for training_dynamics, 20-split mean",FAMILY-A,"one HH-RLHF helpful-base pool, n=300, seed 0","20 splits (seeds 0-19), same pool",ambiguity_flip alpha=0.25,training_dynamics,"int(0.15*n_train), 26-27 of 175-183",auroc,0.4315,sd 0.0357,repeated_split_summary.csv,"block=E3, alpha=0.25, detector=training_dynamics, mean",supported
C071,\vEThreeCrossFitQFifty,V-C,"E3 AUROC at alpha=0.5 for cross_fit, 20-split mean",FAMILY-A,"one HH-RLHF helpful-base pool, n=300, seed 0","20 splits (seeds 0-19), same pool",ambiguity_flip alpha=0.5,cross_fit,"int(0.15*n_train), 26-27 of 175-183",auroc,0.5713,sd 0.0514,repeated_split_summary.csv,"block=E3, alpha=0.5, detector=cross_fit, mean",supported
C072,\vEThreeSelfInfQFifty,V-C,"E3 AUROC at alpha=0.5 for self_influence, 20-split mean",FAMILY-A,"one HH-RLHF helpful-base pool, n=300, seed 0","20 splits (seeds 0-19), same pool",ambiguity_flip alpha=0.5,self_influence,"int(0.15*n_train), 26-27 of 175-183",auroc,0.6382,sd 0.0459,repeated_split_summary.csv,"block=E3, alpha=0.5, detector=self_influence, mean",supported
C073,\vEThreeTrainDynQFifty,V-C,"E3 AUROC at alpha=0.5 for training_dynamics, 20-split mean",FAMILY-A,"one HH-RLHF helpful-base pool, n=300, seed 0","20 splits (seeds 0-19), same pool",ambiguity_flip alpha=0.5,training_dynamics,"int(0.15*n_train), 26-27 of 175-183",auroc,0.5439,sd 0.0383,repeated_split_summary.csv,"block=E3, alpha=0.5, detector=training_dynamics, mean",supported
C074,\vEThreeCrossFitQSeventyFive,V-C,"E3 AUROC at alpha=0.75 for cross_fit, 20-split mean",FAMILY-A,"one HH-RLHF helpful-base pool, n=300, seed 0","20 splits (seeds 0-19), same pool",ambiguity_flip alpha=0.75,cross_fit,"int(0.15*n_train), 26-27 of 175-183",auroc,0.5973,sd 0.0346,repeated_split_summary.csv,"block=E3, alpha=0.75, detector=cross_fit, mean",supported
C075,\vEThreeSelfInfQSeventyFive,V-C,"E3 AUROC at alpha=0.75 for self_influence, 20-split mean",FAMILY-A,"one HH-RLHF helpful-base pool, n=300, seed 0","20 splits (seeds 0-19), same pool",ambiguity_flip alpha=0.75,self_influence,"int(0.15*n_train), 26-27 of 175-183",auroc,0.6859,sd 0.0369,repeated_split_summary.csv,"block=E3, alpha=0.75, detector=self_influence, mean",supported
C076,\vEThreeTrainDynQSeventyFive,V-C,"E3 AUROC at alpha=0.75 for training_dynamics, 20-split mean",FAMILY-A,"one HH-RLHF helpful-base pool, n=300, seed 0","20 splits (seeds 0-19), same pool",ambiguity_flip alpha=0.75,training_dynamics,"int(0.15*n_train), 26-27 of 175-183",auroc,0.6745,sd 0.0299,repeated_split_summary.csv,"block=E3, alpha=0.75, detector=training_dynamics, mean",supported
C077,\vEThreeCrossFitQHundred,V-C,"E3 AUROC at alpha=1.0 for cross_fit, 20-split mean",FAMILY-A,"one HH-RLHF helpful-base pool, n=300, seed 0","20 splits (seeds 0-19), same pool",ambiguity_flip alpha=1.0,cross_fit,"int(0.15*n_train), 26-27 of 175-183",auroc,0.6108,sd 0.0367,repeated_split_summary.csv,"block=E3, alpha=1.0, detector=cross_fit, mean",supported
C078,\vEThreeSelfInfQHundred,V-C,"E3 AUROC at alpha=1.0 for self_influence, 20-split mean",FAMILY-A,"one HH-RLHF helpful-base pool, n=300, seed 0","20 splits (seeds 0-19), same pool",ambiguity_flip alpha=1.0,self_influence,"int(0.15*n_train), 26-27 of 175-183",auroc,0.4761,sd 0.0417,repeated_split_summary.csv,"block=E3, alpha=1.0, detector=self_influence, mean",supported
C079,\vEThreeTrainDynQHundred,V-C,"E3 AUROC at alpha=1.0 for training_dynamics, 20-split mean",FAMILY-A,"one HH-RLHF helpful-base pool, n=300, seed 0","20 splits (seeds 0-19), same pool",ambiguity_flip alpha=1.0,training_dynamics,"int(0.15*n_train), 26-27 of 175-183",auroc,0.8265,sd 0.0301,repeated_split_summary.csv,"block=E3, alpha=1.0, detector=training_dynamics, mean",supported
C080,\vStgAurocPreSelfInf,V-B,"directional stress test, pre_attack, self_influence auroc, 20-split mean",FAMILY-A,"one HH-RLHF helpful-base pool, n=300, seed 0","20 splits (seeds 0-19), same pool","directional, canonical +v",self_influence,"int(0.15*n_train), 26-27 of 175-183",auroc_pre_attack__self_influence,0.5508,sd 0.2239; canonical +v orientation: largest-|.| coordinate of the top eigenvector forced positive,evidence/directional_orientation/orientation_per_split.csv,"arm=canon_plus, auroc_pre_attack__self_influence, mean",supported; canonical +v orientation: largest-|.| coordinate of the top eigenvector forced positive
C081,\vStgPrecPreSelfInf,V-B,"directional stress test, pre_attack, self_influence prec, 20-split mean",FAMILY-A,"one HH-RLHF helpful-base pool, n=300, seed 0","20 splits (seeds 0-19), same pool","directional, canonical +v",self_influence,"int(0.15*n_train), 26-27 of 175-183",prec_pre_attack__self_influence,0.2542,sd 0.1861; canonical +v orientation: largest-|.| coordinate of the top eigenvector forced positive,evidence/directional_orientation/orientation_per_split.csv,"arm=canon_plus, prec_pre_attack__self_influence, mean",supported; canonical +v orientation: largest-|.| coordinate of the top eigenvector forced positive
C082,\vStgAurocPreCrossFit,V-B,"directional stress test, pre_attack, cross_fit auroc, 20-split mean",FAMILY-A,"one HH-RLHF helpful-base pool, n=300, seed 0","20 splits (seeds 0-19), same pool","directional, canonical +v",cross_fit,"int(0.15*n_train), 26-27 of 175-183",auroc_pre_attack__cross_fit,0.5726,sd 0.2339; canonical +v orientation: largest-|.| coordinate of the top eigenvector forced positive,evidence/directional_orientation/orientation_per_split.csv,"arm=canon_plus, auroc_pre_attack__cross_fit, mean",supported; canonical +v orientation: largest-|.| coordinate of the top eigenvector forced positive
C083,\vStgPrecPreCrossFit,V-B,"directional stress test, pre_attack, cross_fit prec, 20-split mean",FAMILY-A,"one HH-RLHF helpful-base pool, n=300, seed 0","20 splits (seeds 0-19), same pool","directional, canonical +v",cross_fit,"int(0.15*n_train), 26-27 of 175-183",prec_pre_attack__cross_fit,0.3269,sd 0.1729; canonical +v orientation: largest-|.| coordinate of the top eigenvector forced positive,evidence/directional_orientation/orientation_per_split.csv,"arm=canon_plus, prec_pre_attack__cross_fit, mean",supported; canonical +v orientation: largest-|.| coordinate of the top eigenvector forced positive
C084,\vStgAurocPreTrainDyn,V-B,"directional stress test, pre_attack, training_dynamics auroc, 20-split mean",FAMILY-A,"one HH-RLHF helpful-base pool, n=300, seed 0","20 splits (seeds 0-19), same pool","directional, canonical +v",training_dynamics,"int(0.15*n_train), 26-27 of 175-183",auroc_pre_attack__training_dynamics,0.4270,sd 0.1985; canonical +v orientation: largest-|.| coordinate of the top eigenvector forced positive,evidence/directional_orientation/orientation_per_split.csv,"arm=canon_plus, auroc_pre_attack__training_dynamics, mean",supported; canonical +v orientation: largest-|.| coordinate of the top eigenvector forced positive
C085,\vStgPrecPreTrainDyn,V-B,"directional stress test, pre_attack, training_dynamics prec, 20-split mean",FAMILY-A,"one HH-RLHF helpful-base pool, n=300, seed 0","20 splits (seeds 0-19), same pool","directional, canonical +v",training_dynamics,"int(0.15*n_train), 26-27 of 175-183",prec_pre_attack__training_dynamics,0.1112,sd 0.0937; canonical +v orientation: largest-|.| coordinate of the top eigenvector forced positive,evidence/directional_orientation/orientation_per_split.csv,"arm=canon_plus, prec_pre_attack__training_dynamics, mean",supported; canonical +v orientation: largest-|.| coordinate of the top eigenvector forced positive
C086,\vStgAurocPreEns,V-B,"directional stress test, pre_attack, ensemble auroc, 20-split mean",FAMILY-A,"one HH-RLHF helpful-base pool, n=300, seed 0","20 splits (seeds 0-19), same pool","directional, canonical +v",ensemble,"int(0.15*n_train), 26-27 of 175-183",auroc_pre_attack__ensemble,0.5250,sd 0.2352; canonical +v orientation: largest-|.| coordinate of the top eigenvector forced positive,evidence/directional_orientation/orientation_per_split.csv,"arm=canon_plus, auroc_pre_attack__ensemble, mean",supported; canonical +v orientation: largest-|.| coordinate of the top eigenvector forced positive
C087,\vStgPrecPreEns,V-B,"directional stress test, pre_attack, ensemble prec, 20-split mean",FAMILY-A,"one HH-RLHF helpful-base pool, n=300, seed 0","20 splits (seeds 0-19), same pool","directional, canonical +v",ensemble,"int(0.15*n_train), 26-27 of 175-183",prec_pre_attack__ensemble,0.2412,sd 0.1785; canonical +v orientation: largest-|.| coordinate of the top eigenvector forced positive,evidence/directional_orientation/orientation_per_split.csv,"arm=canon_plus, prec_pre_attack__ensemble, mean",supported; canonical +v orientation: largest-|.| coordinate of the top eigenvector forced positive
C088,\vMargFlipPre,V-B,"mean signed margin of reversed rows, pre_attack",FAMILY-A,"one HH-RLHF helpful-base pool, n=300, seed 0","20 splits (seeds 0-19), same pool","directional, canonical +v",n/a,"int(0.15*n_train), 26-27 of 175-183",mean signed margin,1.629,sd 0.5894; canonical +v orientation: largest-|.| coordinate of the top eigenvector forced positive,evidence/directional_orientation/orientation_per_split.csv,"arm=canon_plus, margin_rev_pre_attack, mean",supported; canonical +v orientation: largest-|.| coordinate of the top eigenvector forced positive
C089,\vMargCleanPre,V-B,"mean signed margin of retained rows, pre_attack",FAMILY-A,"one HH-RLHF helpful-base pool, n=300, seed 0","20 splits (seeds 0-19), same pool","directional, canonical +v",n/a,"int(0.15*n_train), 26-27 of 175-183",mean signed margin,1.418,sd 0.1306; canonical +v orientation: largest-|.| coordinate of the top eigenvector forced positive,evidence/directional_orientation/orientation_per_split.csv,"arm=canon_plus, margin_ret_pre_attack, mean",supported; canonical +v orientation: largest-|.| coordinate of the top eigenvector forced positive
C090,\vStgAurocCleanHeadSelfInf,V-B,"directional stress test, clean_head, self_influence auroc, 20-split mean",FAMILY-A,"one HH-RLHF helpful-base pool, n=300, seed 0","20 splits (seeds 0-19), same pool","directional, canonical +v",self_influence,"int(0.15*n_train), 26-27 of 175-183",auroc_clean_head__self_influence,0.9910,sd 0.0081; canonical +v orientation: largest-|.| coordinate of the top eigenvector forced positive,evidence/directional_orientation/orientation_per_split.csv,"arm=canon_plus, auroc_clean_head__self_influence, mean",supported; canonical +v orientation: largest-|.| coordinate of the top eigenvector forced positive
C091,\vStgPrecCleanHeadSelfInf,V-B,"directional stress test, clean_head, self_influence prec, 20-split mean",FAMILY-A,"one HH-RLHF helpful-base pool, n=300, seed 0","20 splits (seeds 0-19), same pool","directional, canonical +v",self_influence,"int(0.15*n_train), 26-27 of 175-183",prec_clean_head__self_influence,0.9604,sd 0.0333; canonical +v orientation: largest-|.| coordinate of the top eigenvector forced positive,evidence/directional_orientation/orientation_per_split.csv,"arm=canon_plus, prec_clean_head__self_influence, mean",supported; canonical +v orientation: largest-|.| coordinate of the top eigenvector forced positive
C092,\vStgAurocCleanHeadCrossFit,V-B,"directional stress test, clean_head, cross_fit auroc, 20-split mean",FAMILY-A,"one HH-RLHF helpful-base pool, n=300, seed 0","20 splits (seeds 0-19), same pool","directional, canonical +v",cross_fit,"int(0.15*n_train), 26-27 of 175-183",auroc_clean_head__cross_fit,0.5702,sd 0.1755; canonical +v orientation: largest-|.| coordinate of the top eigenvector forced positive,evidence/directional_orientation/orientation_per_split.csv,"arm=canon_plus, auroc_clean_head__cross_fit, mean",supported; canonical +v orientation: largest-|.| coordinate of the top eigenvector forced positive
C093,\vStgPrecCleanHeadCrossFit,V-B,"directional stress test, clean_head, cross_fit prec, 20-split mean",FAMILY-A,"one HH-RLHF helpful-base pool, n=300, seed 0","20 splits (seeds 0-19), same pool","directional, canonical +v",cross_fit,"int(0.15*n_train), 26-27 of 175-183",prec_clean_head__cross_fit,0.2982,sd 0.1784; canonical +v orientation: largest-|.| coordinate of the top eigenvector forced positive,evidence/directional_orientation/orientation_per_split.csv,"arm=canon_plus, prec_clean_head__cross_fit, mean",supported; canonical +v orientation: largest-|.| coordinate of the top eigenvector forced positive
C094,\vStgAurocCleanHeadTrainDyn,V-B,"directional stress test, clean_head, training_dynamics auroc, 20-split mean",FAMILY-A,"one HH-RLHF helpful-base pool, n=300, seed 0","20 splits (seeds 0-19), same pool","directional, canonical +v",training_dynamics,"int(0.15*n_train), 26-27 of 175-183",auroc_clean_head__training_dynamics,0.9936,sd 0.0061; canonical +v orientation: largest-|.| coordinate of the top eigenvector forced positive,evidence/directional_orientation/orientation_per_split.csv,"arm=canon_plus, auroc_clean_head__training_dynamics, mean",supported; canonical +v orientation: largest-|.| coordinate of the top eigenvector forced positive
C095,\vStgPrecCleanHeadTrainDyn,V-B,"directional stress test, clean_head, training_dynamics prec, 20-split mean",FAMILY-A,"one HH-RLHF helpful-base pool, n=300, seed 0","20 splits (seeds 0-19), same pool","directional, canonical +v",training_dynamics,"int(0.15*n_train), 26-27 of 175-183",prec_clean_head__training_dynamics,0.9360,sd 0.0581; canonical +v orientation: largest-|.| coordinate of the top eigenvector forced positive,evidence/directional_orientation/orientation_per_split.csv,"arm=canon_plus, prec_clean_head__training_dynamics, mean",supported; canonical +v orientation: largest-|.| coordinate of the top eigenvector forced positive
C096,\vStgAurocCleanHeadEns,V-B,"directional stress test, clean_head, ensemble auroc, 20-split mean",FAMILY-A,"one HH-RLHF helpful-base pool, n=300, seed 0","20 splits (seeds 0-19), same pool","directional, canonical +v",ensemble,"int(0.15*n_train), 26-27 of 175-183",auroc_clean_head__ensemble,0.8984,sd 0.0504; canonical +v orientation: largest-|.| coordinate of the top eigenvector forced positive,evidence/directional_orientation/orientation_per_split.csv,"arm=canon_plus, auroc_clean_head__ensemble, mean",supported; canonical +v orientation: largest-|.| coordinate of the top eigenvector forced positive
C097,\vStgPrecCleanHeadEns,V-B,"directional stress test, clean_head, ensemble prec, 20-split mean",FAMILY-A,"one HH-RLHF helpful-base pool, n=300, seed 0","20 splits (seeds 0-19), same pool","directional, canonical +v",ensemble,"int(0.15*n_train), 26-27 of 175-183",prec_clean_head__ensemble,0.5546,sd 0.1772; canonical +v orientation: largest-|.| coordinate of the top eigenvector forced positive,evidence/directional_orientation/orientation_per_split.csv,"arm=canon_plus, prec_clean_head__ensemble, mean",supported; canonical +v orientation: largest-|.| coordinate of the top eigenvector forced positive
C098,\vMargFlipCleanHead,V-B,"mean signed margin of reversed rows, clean_head",FAMILY-A,"one HH-RLHF helpful-base pool, n=300, seed 0","20 splits (seeds 0-19), same pool","directional, canonical +v",n/a,"int(0.15*n_train), 26-27 of 175-183",mean signed margin,-1.629,sd 0.5894; canonical +v orientation: largest-|.| coordinate of the top eigenvector forced positive,evidence/directional_orientation/orientation_per_split.csv,"arm=canon_plus, margin_rev_clean_head, mean",supported; canonical +v orientation: largest-|.| coordinate of the top eigenvector forced positive
C099,\vMargCleanCleanHead,V-B,"mean signed margin of retained rows, clean_head",FAMILY-A,"one HH-RLHF helpful-base pool, n=300, seed 0","20 splits (seeds 0-19), same pool","directional, canonical +v",n/a,"int(0.15*n_train), 26-27 of 175-183",mean signed margin,1.418,sd 0.1306; canonical +v orientation: largest-|.| coordinate of the top eigenvector forced positive,evidence/directional_orientation/orientation_per_split.csv,"arm=canon_plus, margin_ret_clean_head, mean",supported; canonical +v orientation: largest-|.| coordinate of the top eigenvector forced positive
C100,\vStgAurocRefitSelfInf,V-B,"directional stress test, poisoned_refit, self_influence auroc, 20-split mean",FAMILY-A,"one HH-RLHF helpful-base pool, n=300, seed 0","20 splits (seeds 0-19), same pool","directional, canonical +v",self_influence,"int(0.15*n_train), 26-27 of 175-183",auroc_poisoned_refit__self_influence,0.3053,sd 0.0409; canonical +v orientation: largest-|.| coordinate of the top eigenvector forced positive,evidence/directional_orientation/orientation_per_split.csv,"arm=canon_plus, auroc_poisoned_refit__self_influence, mean",supported; canonical +v orientation: largest-|.| coordinate of the top eigenvector forced positive
C101,\vStgPrecRefitSelfInf,V-B,"directional stress test, poisoned_refit, self_influence prec, 20-split mean",FAMILY-A,"one HH-RLHF helpful-base pool, n=300, seed 0","20 splits (seeds 0-19), same pool","directional, canonical +v",self_influence,"int(0.15*n_train), 26-27 of 175-183",prec_poisoned_refit__self_influence,0.0151,sd 0.0257; canonical +v orientation: largest-|.| coordinate of the top eigenvector forced positive,evidence/directional_orientation/orientation_per_split.csv,"arm=canon_plus, prec_poisoned_refit__self_influence, mean",supported; canonical +v orientation: largest-|.| coordinate of the top eigenvector forced positive
C102,\vStgAurocRefitCrossFit,V-B,"directional stress test, poisoned_refit, cross_fit auroc, 20-split mean",FAMILY-A,"one HH-RLHF helpful-base pool, n=300, seed 0","20 splits (seeds 0-19), same pool","directional, canonical +v",cross_fit,"int(0.15*n_train), 26-27 of 175-183",auroc_poisoned_refit__cross_fit,0.3085,sd 0.0448; canonical +v orientation: largest-|.| coordinate of the top eigenvector forced positive,evidence/directional_orientation/orientation_per_split.csv,"arm=canon_plus, auroc_poisoned_refit__cross_fit, mean",supported; canonical +v orientation: largest-|.| coordinate of the top eigenvector forced positive
C103,\vStgPrecRefitCrossFit,V-B,"directional stress test, poisoned_refit, cross_fit prec, 20-split mean",FAMILY-A,"one HH-RLHF helpful-base pool, n=300, seed 0","20 splits (seeds 0-19), same pool","directional, canonical +v",cross_fit,"int(0.15*n_train), 26-27 of 175-183",prec_poisoned_refit__cross_fit,0.0489,sd 0.0501; canonical +v orientation: largest-|.| coordinate of the top eigenvector forced positive,evidence/directional_orientation/orientation_per_split.csv,"arm=canon_plus, prec_poisoned_refit__cross_fit, mean",supported; canonical +v orientation: largest-|.| coordinate of the top eigenvector forced positive
C104,\vStgAurocRefitTrainDyn,V-B,"directional stress test, poisoned_refit, training_dynamics auroc, 20-split mean",FAMILY-A,"one HH-RLHF helpful-base pool, n=300, seed 0","20 splits (seeds 0-19), same pool","directional, canonical +v",training_dynamics,"int(0.15*n_train), 26-27 of 175-183",auroc_poisoned_refit__training_dynamics,0.2620,sd 0.0589; canonical +v orientation: largest-|.| coordinate of the top eigenvector forced positive,evidence/directional_orientation/orientation_per_split.csv,"arm=canon_plus, auroc_poisoned_refit__training_dynamics, mean",supported; canonical +v orientation: largest-|.| coordinate of the top eigenvector forced positive
C105,\vStgPrecRefitTrainDyn,V-B,"directional stress test, poisoned_refit, training_dynamics prec, 20-split mean",FAMILY-A,"one HH-RLHF helpful-base pool, n=300, seed 0","20 splits (seeds 0-19), same pool","directional, canonical +v",training_dynamics,"int(0.15*n_train), 26-27 of 175-183",prec_poisoned_refit__training_dynamics,0.0000,sd 0.0000; canonical +v orientation: largest-|.| coordinate of the top eigenvector forced positive,evidence/directional_orientation/orientation_per_split.csv,"arm=canon_plus, prec_poisoned_refit__training_dynamics, mean",supported; canonical +v orientation: largest-|.| coordinate of the top eigenvector forced positive
C106,\vStgAurocRefitEns,V-B,"directional stress test, poisoned_refit, ensemble auroc, 20-split mean",FAMILY-A,"one HH-RLHF helpful-base pool, n=300, seed 0","20 splits (seeds 0-19), same pool","directional, canonical +v",ensemble,"int(0.15*n_train), 26-27 of 175-183",auroc_poisoned_refit__ensemble,0.2770,sd 0.0455; canonical +v orientation: largest-|.| coordinate of the top eigenvector forced positive,evidence/directional_orientation/orientation_per_split.csv,"arm=canon_plus, auroc_poisoned_refit__ensemble, mean",supported; canonical +v orientation: largest-|.| coordinate of the top eigenvector forced positive
C107,\vStgPrecRefitEns,V-B,"directional stress test, poisoned_refit, ensemble prec, 20-split mean",FAMILY-A,"one HH-RLHF helpful-base pool, n=300, seed 0","20 splits (seeds 0-19), same pool","directional, canonical +v",ensemble,"int(0.15*n_train), 26-27 of 175-183",prec_poisoned_refit__ensemble,0.0094,sd 0.0206; canonical +v orientation: largest-|.| coordinate of the top eigenvector forced positive,evidence/directional_orientation/orientation_per_split.csv,"arm=canon_plus, prec_poisoned_refit__ensemble, mean",supported; canonical +v orientation: largest-|.| coordinate of the top eigenvector forced positive
C108,\vMargFlipRefit,V-B,"mean signed margin of reversed rows, poisoned_refit",FAMILY-A,"one HH-RLHF helpful-base pool, n=300, seed 0","20 splits (seeds 0-19), same pool","directional, canonical +v",n/a,"int(0.15*n_train), 26-27 of 175-183",mean signed margin,2.778,sd 0.3390; canonical +v orientation: largest-|.| coordinate of the top eigenvector forced positive,evidence/directional_orientation/orientation_per_split.csv,"arm=canon_plus, margin_rev_poisoned_refit, mean",supported; canonical +v orientation: largest-|.| coordinate of the top eigenvector forced positive
C109,\vMargCleanRefit,V-B,"mean signed margin of retained rows, poisoned_refit",FAMILY-A,"one HH-RLHF helpful-base pool, n=300, seed 0","20 splits (seeds 0-19), same pool","directional, canonical +v",n/a,"int(0.15*n_train), 26-27 of 175-183",mean signed margin,1.776,sd 0.3874; canonical +v orientation: largest-|.| coordinate of the top eigenvector forced positive,evidence/directional_orientation/orientation_per_split.csv,"arm=canon_plus, margin_ret_poisoned_refit, mean",supported; canonical +v orientation: largest-|.| coordinate of the top eigenvector forced positive
C110,\vStgInvRefitSelfInf,V-B,separation recovered by inverting the self_influence ranking after refitting,FAMILY-A,"one HH-RLHF helpful-base pool, n=300, seed 0","20 splits (seeds 0-19), same pool","directional, canonical +v",self_influence,"int(0.15*n_train), 26-27 of 175-183",1 - auroc,0.6947,an auditor cannot know to invert without knowing the attack,evidence/directional_orientation/orientation_per_split.csv,"arm=canon_plus, 1 - auroc_poisoned_refit__self_influence, mean",supported; canonical +v orientation: largest-|.| coordinate of the top eigenvector forced positive
C111,\vStgInvRefitCrossFit,V-B,separation recovered by inverting the cross_fit ranking after refitting,FAMILY-A,"one HH-RLHF helpful-base pool, n=300, seed 0","20 splits (seeds 0-19), same pool","directional, canonical +v",cross_fit,"int(0.15*n_train), 26-27 of 175-183",1 - auroc,0.6915,an auditor cannot know to invert without knowing the attack,evidence/directional_orientation/orientation_per_split.csv,"arm=canon_plus, 1 - auroc_poisoned_refit__cross_fit, mean",supported; canonical +v orientation: largest-|.| coordinate of the top eigenvector forced positive
C112,\vStgInvRefitTrainDyn,V-B,separation recovered by inverting the training_dynamics ranking after refitting,FAMILY-A,"one HH-RLHF helpful-base pool, n=300, seed 0","20 splits (seeds 0-19), same pool","directional, canonical +v",training_dynamics,"int(0.15*n_train), 26-27 of 175-183",1 - auroc,0.7380,an auditor cannot know to invert without knowing the attack,evidence/directional_orientation/orientation_per_split.csv,"arm=canon_plus, 1 - auroc_poisoned_refit__training_dynamics, mean",supported; canonical +v orientation: largest-|.| coordinate of the top eigenvector forced positive
C113,\vStgInvRefitEns,V-B,separation recovered by inverting the ensemble ranking after refitting,FAMILY-A,"one HH-RLHF helpful-base pool, n=300, seed 0","20 splits (seeds 0-19), same pool","directional, canonical +v",ensemble,"int(0.15*n_train), 26-27 of 175-183",1 - auroc,0.7230,an auditor cannot know to invert without knowing the attack,evidence/directional_orientation/orientation_per_split.csv,"arm=canon_plus, 1 - auroc_poisoned_refit__ensemble, mean",supported; canonical +v orientation: largest-|.| coordinate of the top eigenvector forced positive
C114,\vEigGap,IV,relative eigengap of the feature second-moment matrix,FAMILY-A,"one HH-RLHF helpful-base pool, n=300, seed 0","20 splits (seeds 0-19), same pool",directional,n/a,"int(0.15*n_train), 26-27 of 175-183",(lambda1 - lambda2) / lambda1,0.366,"sd 0.0427, range [0.278, 0.430]",evidence/directional_orientation/orientation_per_split.csv,"arm=canon_plus, relative_eigengap, mean",supported
C115,\vEigRatio,IV,ratio of the two leading eigenvalues,FAMILY-A,"one HH-RLHF helpful-base pool, n=300, seed 0","20 splits (seeds 0-19), same pool",directional,n/a,"int(0.15*n_train), 26-27 of 175-183",lambda1 / lambda2,1.58,20-split mean,evidence/directional_orientation/orientation_per_split.csv,"arm=canon_plus, eig1/eig2, mean",supported
C116,\vNRawCanon,IV,splits where the pre-fix orientation happened to equal canonical +v,FAMILY-A,"one HH-RLHF helpful-base pool, n=300, seed 0","20 splits (seeds 0-19), same pool",directional,n/a,"int(0.15*n_train), 26-27 of 175-183",count,3,of 20 splits; the remainder used the opposite tail,evidence/directional_orientation/orientation_per_split.csv,"arm=raw, raw_equals_canon_plus, sum",supported
C117,\vMinusAurocSelfInf,VIII,poisoned-refit AUROC for self_influence under the opposite orientation,FAMILY-A,"one HH-RLHF helpful-base pool, n=300, seed 0","20 splits (seeds 0-19), same pool","directional, canonical -v",self_influence,"int(0.15*n_train), 26-27 of 175-183",auroc,0.2814,below chance in 20 of 20 splits,evidence/directional_orientation/orientation_per_split.csv,"arm=canon_minus, auroc_poisoned_refit__self_influence, mean",supported; opposite-tail sensitivity arm
C118,\vMinusAurocCrossFit,VIII,poisoned-refit AUROC for cross_fit under the opposite orientation,FAMILY-A,"one HH-RLHF helpful-base pool, n=300, seed 0","20 splits (seeds 0-19), same pool","directional, canonical -v",cross_fit,"int(0.15*n_train), 26-27 of 175-183",auroc,0.2730,below chance in 20 of 20 splits,evidence/directional_orientation/orientation_per_split.csv,"arm=canon_minus, auroc_poisoned_refit__cross_fit, mean",supported; opposite-tail sensitivity arm
C119,\vMinusAurocTrainDyn,VIII,poisoned-refit AUROC for training_dynamics under the opposite orientation,FAMILY-A,"one HH-RLHF helpful-base pool, n=300, seed 0","20 splits (seeds 0-19), same pool","directional, canonical -v",training_dynamics,"int(0.15*n_train), 26-27 of 175-183",auroc,0.2188,below chance in 20 of 20 splits,evidence/directional_orientation/orientation_per_split.csv,"arm=canon_minus, auroc_poisoned_refit__training_dynamics, mean",supported; opposite-tail sensitivity arm
C120,\vMinusAurocEns,VIII,poisoned-refit AUROC for ensemble under the opposite orientation,FAMILY-A,"one HH-RLHF helpful-base pool, n=300, seed 0","20 splits (seeds 0-19), same pool","directional, canonical -v",ensemble,"int(0.15*n_train), 26-27 of 175-183",auroc,0.2416,below chance in 20 of 20 splits,evidence/directional_orientation/orientation_per_split.csv,"arm=canon_minus, auroc_poisoned_refit__ensemble, mean",supported; opposite-tail sensitivity arm
C121,\vPlusAcc,VIII,"held-out accuracy after the attack, canon_plus orientation",FAMILY-A,"one HH-RLHF helpful-base pool, n=300, seed 0","20 splits (seeds 0-19), same pool","directional, canon_plus",n/a,"int(0.15*n_train), 26-27 of 175-183",acc_poisoned,0.4917,sd 0.0674 over 20 splits,evidence/directional_orientation/orientation_per_split.csv,"arm=canon_plus, acc_poisoned, mean",supported
C122,\vPlusLoss,VIII,"held-out logistic loss after the attack, canon_plus orientation",FAMILY-A,"one HH-RLHF helpful-base pool, n=300, seed 0","20 splits (seeds 0-19), same pool","directional, canon_plus",n/a,"int(0.15*n_train), 26-27 of 175-183",logloss_poisoned,0.8414,sd 0.1172 over 20 splits,evidence/directional_orientation/orientation_per_split.csv,"arm=canon_plus, logloss_poisoned, mean",supported
C123,\vPlusDisp,VIII,"parameter displacement from the original head, canon_plus orientation",FAMILY-A,"one HH-RLHF helpful-base pool, n=300, seed 0","20 splits (seeds 0-19), same pool","directional, canon_plus",n/a,"int(0.15*n_train), 26-27 of 175-183",theta_displacement,33.90,sd 2.4203 over 20 splits,evidence/directional_orientation/orientation_per_split.csv,"arm=canon_plus, theta_displacement, mean",supported
C124,\vMinusAcc,VIII,"held-out accuracy after the attack, canon_minus orientation",FAMILY-A,"one HH-RLHF helpful-base pool, n=300, seed 0","20 splits (seeds 0-19), same pool","directional, canon_minus",n/a,"int(0.15*n_train), 26-27 of 175-183",acc_poisoned,0.4678,sd 0.0675 over 20 splits,evidence/directional_orientation/orientation_per_split.csv,"arm=canon_minus, acc_poisoned, mean",supported
C125,\vMinusLoss,VIII,"held-out logistic loss after the attack, canon_minus orientation",FAMILY-A,"one HH-RLHF helpful-base pool, n=300, seed 0","20 splits (seeds 0-19), same pool","directional, canon_minus",n/a,"int(0.15*n_train), 26-27 of 175-183",logloss_poisoned,0.8128,sd 0.0803 over 20 splits,evidence/directional_orientation/orientation_per_split.csv,"arm=canon_minus, logloss_poisoned, mean",supported
C126,\vMinusDisp,VIII,"parameter displacement from the original head, canon_minus orientation",FAMILY-A,"one HH-RLHF helpful-base pool, n=300, seed 0","20 splits (seeds 0-19), same pool","directional, canon_minus",n/a,"int(0.15*n_train), 26-27 of 175-183",theta_displacement,32.45,sd 2.5433 over 20 splits,evidence/directional_orientation/orientation_per_split.csv,"arm=canon_minus, theta_displacement, mean",supported
C127,\vMinusPrecSelfInf,VIII,"precision at the review budget for self_influence, opposite orientation",FAMILY-A,"one HH-RLHF helpful-base pool, n=300, seed 0","20 splits (seeds 0-19), same pool","directional, canon_minus",self_influence,"int(0.15*n_train), 26-27 of 175-183",precision_at_budget,0.0075,sd 0.0155,evidence/directional_orientation/orientation_per_split.csv,"arm=canon_minus, prec_poisoned_refit__self_influence, mean",supported
C128,\vMinusPrecCrossFit,VIII,"precision at the review budget for cross_fit, opposite orientation",FAMILY-A,"one HH-RLHF helpful-base pool, n=300, seed 0","20 splits (seeds 0-19), same pool","directional, canon_minus",cross_fit,"int(0.15*n_train), 26-27 of 175-183",precision_at_budget,0.0454,sd 0.0341,evidence/directional_orientation/orientation_per_split.csv,"arm=canon_minus, prec_poisoned_refit__cross_fit, mean",supported
C129,\vMinusPrecTrainDyn,VIII,"precision at the review budget for training_dynamics, opposite orientation",FAMILY-A,"one HH-RLHF helpful-base pool, n=300, seed 0","20 splits (seeds 0-19), same pool","directional, canon_minus",training_dynamics,"int(0.15*n_train), 26-27 of 175-183",precision_at_budget,0.0000,sd 0.0000,evidence/directional_orientation/orientation_per_split.csv,"arm=canon_minus, prec_poisoned_refit__training_dynamics, mean",supported
C130,\vMinusPrecEns,VIII,"precision at the review budget for ensemble, opposite orientation",FAMILY-A,"one HH-RLHF helpful-base pool, n=300, seed 0","20 splits (seeds 0-19), same pool","directional, canon_minus",ensemble,"int(0.15*n_train), 26-27 of 175-183",precision_at_budget,0.0038,sd 0.0118,evidence/directional_orientation/orientation_per_split.csv,"arm=canon_minus, prec_poisoned_refit__ensemble, mean",supported
C131,\vMinusMargGap,VIII,"reversed minus retained margin after refitting, opposite orientation",FAMILY-A,"one HH-RLHF helpful-base pool, n=300, seed 0","20 splits (seeds 0-19), same pool","directional, canonical -v",n/a,"int(0.15*n_train), 26-27 of 175-183",margin gap,1.096,positive in 20 of 20 splits,evidence/directional_orientation/orientation_per_split.csv,"arm=canon_minus, margin gap, mean",supported
C132,\vAccClean,V-B,held-out accuracy of the original head,FAMILY-A,"one HH-RLHF helpful-base pool, n=300, seed 0","20 splits (seeds 0-19), same pool",none,n/a,"int(0.15*n_train), 26-27 of 175-183",held-out accuracy,0.5261,sd 0.0368,evidence/directional_orientation/orientation_per_split.csv,"arm=canon_plus, acc_clean, mean",supported
C133,\vAccPoisonedDir,V-B,held-out accuracy after the directional stress test,FAMILY-A,"one HH-RLHF helpful-base pool, n=300, seed 0","20 splits (seeds 0-19), same pool","directional, canonical +v",n/a,"int(0.15*n_train), 26-27 of 175-183",held-out accuracy,0.4917,sd 0.0674,evidence/directional_orientation/orientation_per_split.csv,"arm=canon_plus, acc_poisoned, mean",supported; canonical +v orientation: largest-|.| coordinate of the top eigenvector forced positive
C134,\vLevFlip,VI,"leverage_zT_Hinv_z of reversed rows under the poisoned refit, split seed 0",FAMILY-A,"one HH-RLHF helpful-base pool, n=300, seed 0",split seed 0 only,gradient_flip,self_influence,26 of 176,leverage_zT_Hinv_z,1179,"single split, no interval",gradient_flip_forensics_si_components.csv,"stage=stage2_poisoned_refit, component=leverage_zT_Hinv_z, mean_flipped","supported, single split"
C135,\vLevClean,VI,"leverage_zT_Hinv_z of retained rows under the poisoned refit, split seed 0",FAMILY-A,"one HH-RLHF helpful-base pool, n=300, seed 0",split seed 0 only,gradient_flip,self_influence,26 of 176,leverage_zT_Hinv_z,819,"single split, no interval",gradient_flip_forensics_si_components.csv,"stage=stage2_poisoned_refit, component=leverage_zT_Hinv_z, mean_unflipped","supported, single split"
C136,\vLevRatio,VI,"leverage_zT_Hinv_z ratio reversed/retained under the poisoned refit, split seed 0",FAMILY-A,"one HH-RLHF helpful-base pool, n=300, seed 0",split seed 0 only,gradient_flip,self_influence,26 of 176,leverage_zT_Hinv_z ratio,1.439,"single split, no interval",gradient_flip_forensics_si_components.csv,"stage=stage2_poisoned_refit, component=leverage_zT_Hinv_z, ratio_flipped_over_unflipped","supported, single split"
C137,\vDisFlip,VI,"disagreement_sigma_neg_m_sq of reversed rows under the poisoned refit, split seed 0",FAMILY-A,"one HH-RLHF helpful-base pool, n=300, seed 0",split seed 0 only,gradient_flip,self_influence,26 of 176,disagreement_sigma_neg_m_sq,0.0119,"single split, no interval",gradient_flip_forensics_si_components.csv,"stage=stage2_poisoned_refit, component=disagreement_sigma_neg_m_sq, mean_flipped","supported, single split"
C138,\vDisClean,VI,"disagreement_sigma_neg_m_sq of retained rows under the poisoned refit, split seed 0",FAMILY-A,"one HH-RLHF helpful-base pool, n=300, seed 0",split seed 0 only,gradient_flip,self_influence,26 of 176,disagreement_sigma_neg_m_sq,0.0603,"single split, no interval",gradient_flip_forensics_si_components.csv,"stage=stage2_poisoned_refit, component=disagreement_sigma_neg_m_sq, mean_unflipped","supported, single split"
C139,\vDisRatio,VI,"disagreement_sigma_neg_m_sq ratio reversed/retained under the poisoned refit, split seed 0",FAMILY-A,"one HH-RLHF helpful-base pool, n=300, seed 0",split seed 0 only,gradient_flip,self_influence,26 of 176,disagreement_sigma_neg_m_sq ratio,0.198,"single split, no interval",gradient_flip_forensics_si_components.csv,"stage=stage2_poisoned_refit, component=disagreement_sigma_neg_m_sq, ratio_flipped_over_unflipped","supported, single split"
C140,\vSelfInfValFlip,VI,"self_influence_product of reversed rows under the poisoned refit, split seed 0",FAMILY-A,"one HH-RLHF helpful-base pool, n=300, seed 0",split seed 0 only,gradient_flip,self_influence,26 of 176,self_influence_product,6.12,"single split, no interval",gradient_flip_forensics_si_components.csv,"stage=stage2_poisoned_refit, component=self_influence_product, mean_flipped","supported, single split"
C141,\vSelfInfValClean,VI,"self_influence_product of retained rows under the poisoned refit, split seed 0",FAMILY-A,"one HH-RLHF helpful-base pool, n=300, seed 0",split seed 0 only,gradient_flip,self_influence,26 of 176,self_influence_product,15.54,"single split, no interval",gradient_flip_forensics_si_components.csv,"stage=stage2_poisoned_refit, component=self_influence_product, mean_unflipped","supported, single split"
C142,\vSelfInfValRatio,VI,"self_influence_product ratio reversed/retained under the poisoned refit, split seed 0",FAMILY-A,"one HH-RLHF helpful-base pool, n=300, seed 0",split seed 0 only,gradient_flip,self_influence,26 of 176,self_influence_product ratio,0.394,"single split, no interval",gradient_flip_forensics_si_components.csv,"stage=stage2_poisoned_refit, component=self_influence_product, ratio_flipped_over_unflipped","supported, single split"
C143,\vNAbsorbCond,V-B,distinct attack conditions in the absorption ordering,FAMILY-A,"one HH-RLHF helpful-base pool, n=300, seed 0","20 splits (seeds 0-19), same pool",all E1 and E3 conditions,all,"int(0.15*n_train), 26-27 of 175-183",count,7,ambiguity_flip and alpha=1.0 are the same attack; the duplicate is dropped,evidence/absorption_rank_agreement.csv,n_conditions,supported
C144,\vRhoTrainDyn,V-B,Spearman rank agreement between the disagreement ratio and training_dynamics AUROC,FAMILY-A,"one HH-RLHF helpful-base pool, n=300, seed 0","20 splits (seeds 0-19), same pool",all E1 and E3 conditions,training_dynamics,"int(0.15*n_train), 26-27 of 175-183",Spearman rho over 7 conditions,1.000,"the 7 conditions share one pool and one set of splits, so they are not independent samples",evidence/absorption_rank_agreement.csv,"detector=training_dynamics, index=disagreement ratio, spearman_rho",supported as a descriptive ordering
C145,\vRhoSelfInf,V-B,Spearman rank agreement between the disagreement ratio and self_influence AUROC,FAMILY-A,"one HH-RLHF helpful-base pool, n=300, seed 0","20 splits (seeds 0-19), same pool",all E1 and E3 conditions,self_influence,"int(0.15*n_train), 26-27 of 175-183",Spearman rho over 7 conditions,0.429,"the 7 conditions share one pool and one set of splits, so they are not independent samples",evidence/absorption_rank_agreement.csv,"detector=self_influence, index=disagreement ratio, spearman_rho",supported as a descriptive ordering
C146,\vRhoCrossFit,V-B,Spearman rank agreement between the disagreement ratio and cross_fit AUROC,FAMILY-A,"one HH-RLHF helpful-base pool, n=300, seed 0","20 splits (seeds 0-19), same pool",all E1 and E3 conditions,cross_fit,"int(0.15*n_train), 26-27 of 175-183",Spearman rho over 7 conditions,0.071,"the 7 conditions share one pool and one set of splits, so they are not independent samples",evidence/absorption_rank_agreement.csv,"detector=cross_fit, index=disagreement ratio, spearman_rho",supported as a descriptive ordering
C147,\vRhoEns,V-B,Spearman rank agreement between the disagreement ratio and ensemble AUROC,FAMILY-A,"one HH-RLHF helpful-base pool, n=300, seed 0","20 splits (seeds 0-19), same pool",all E1 and E3 conditions,ensemble,"int(0.15*n_train), 26-27 of 175-183",Spearman rho over 7 conditions,0.964,"the 7 conditions share one pool and one set of splits, so they are not independent samples",evidence/absorption_rank_agreement.csv,"detector=ensemble, index=disagreement ratio, spearman_rho",supported as a descriptive ordering
C148,\vDisRatioGrad,V-B,disagreement ratio (reversed/retained) for E1|gradient_flip,FAMILY-A,"one HH-RLHF helpful-base pool, n=300, seed 0","20 splits (seeds 0-19), same pool",gradient_flip,n/a,"int(0.15*n_train), 26-27 of 175-183",mean sigma(-m)^2 ratio,0.195,ratio of 20-split means,evidence/absorption_index_summary.csv,"family|condition=E1|gradient_flip, disagreement_ratio",supported
C149,\vDisRatioAlphaZero,V-B,disagreement ratio (reversed/retained) for E3|alpha=0.0,FAMILY-A,"one HH-RLHF helpful-base pool, n=300, seed 0","20 splits (seeds 0-19), same pool",alpha=0.0,n/a,"int(0.15*n_train), 26-27 of 175-183",mean sigma(-m)^2 ratio,0.535,ratio of 20-split means,evidence/absorption_index_summary.csv,"family|condition=E3|alpha=0.0, disagreement_ratio",supported
C150,\vDisRatioAlphaOne,V-B,disagreement ratio (reversed/retained) for E3|alpha=1.0,FAMILY-A,"one HH-RLHF helpful-base pool, n=300, seed 0","20 splits (seeds 0-19), same pool",alpha=1.0,n/a,"int(0.15*n_train), 26-27 of 175-183",mean sigma(-m)^2 ratio,3.337,ratio of 20-split means,evidence/absorption_index_summary.csv,"family|condition=E3|alpha=1.0, disagreement_ratio",supported
C151,\vDisRatioRand,V-B,disagreement ratio (reversed/retained) for E1|random_flip,FAMILY-A,"one HH-RLHF helpful-base pool, n=300, seed 0","20 splits (seeds 0-19), same pool",random_flip,n/a,"int(0.15*n_train), 26-27 of 175-183",mean sigma(-m)^2 ratio,1.227,ratio of 20-split means,evidence/absorption_index_summary.csv,"family|condition=E1|random_flip, disagreement_ratio",supported
C152,\vETwoNDegen,V-D,grid points that collapse to a single reversed comparison,FAMILY-A,"one HH-RLHF helpful-base pool, n=300, seed 0","20 splits (seeds 0-19), same pool",random_flip,training_dynamics,"max(1, int(frac*n_train))",count,3,"exact, 0.1/0.5/1.0 percent all map to budget 1",evidence/e2_budget_sweep_summary.csv,"budget_frac<=0.01, budget_min=budget_max=1",supported
C153,\vETwoAurocB,V-D,E2 training-dynamics AUROC at budget fraction 0.001,FAMILY-A,"one HH-RLHF helpful-base pool, n=300, seed 0","20 splits (seeds 0-19), same pool",random_flip,training_dynamics,1-1 rows,auroc,0.6576,sd 0.2626 over 20 splits,evidence/e2_budget_sweep_summary.csv,"budget_frac=0.001, auroc_mean",supported
C154,\vETwoAccDeltaB,V-D,E2 held-out accuracy change vs the clean head at budget fraction 0.001,FAMILY-A,"one HH-RLHF helpful-base pool, n=300, seed 0","20 splits (seeds 0-19), same pool",random_flip,n/a,1-1 rows,delta held-out accuracy,-0.0061,sd 0.0142; negative in 11 of 20 splits,evidence/e2_budget_sweep_summary.csv,"budget_frac=0.001, acc_delta_mean",supported
C155,\vETwoDriftB,V-D,E2 parameter drift from the clean head at budget fraction 0.001,FAMILY-A,"one HH-RLHF helpful-base pool, n=300, seed 0","20 splits (seeds 0-19), same pool",random_flip,n/a,1-1 rows,L2 theta drift,7.0,sd 0.9384,evidence/e2_budget_sweep_summary.csv,"budget_frac=0.001, drift_mean",supported
C156,\vETwoAurocF,V-D,E2 training-dynamics AUROC at budget fraction 0.005,FAMILY-A,"one HH-RLHF helpful-base pool, n=300, seed 0","20 splits (seeds 0-19), same pool",random_flip,training_dynamics,1-1 rows,auroc,0.6576,sd 0.2626 over 20 splits,evidence/e2_budget_sweep_summary.csv,"budget_frac=0.005, auroc_mean",supported
C157,\vETwoAccDeltaF,V-D,E2 held-out accuracy change vs the clean head at budget fraction 0.005,FAMILY-A,"one HH-RLHF helpful-base pool, n=300, seed 0","20 splits (seeds 0-19), same pool",random_flip,n/a,1-1 rows,delta held-out accuracy,-0.0061,sd 0.0142; negative in 11 of 20 splits,evidence/e2_budget_sweep_summary.csv,"budget_frac=0.005, acc_delta_mean",supported
C158,\vETwoDriftF,V-D,E2 parameter drift from the clean head at budget fraction 0.005,FAMILY-A,"one HH-RLHF helpful-base pool, n=300, seed 0","20 splits (seeds 0-19), same pool",random_flip,n/a,1-1 rows,L2 theta drift,7.0,sd 0.9384,evidence/e2_budget_sweep_summary.csv,"budget_frac=0.005, drift_mean",supported
C159,\vETwoAurocBA,V-D,E2 training-dynamics AUROC at budget fraction 0.01,FAMILY-A,"one HH-RLHF helpful-base pool, n=300, seed 0","20 splits (seeds 0-19), same pool",random_flip,training_dynamics,1-1 rows,auroc,0.6576,sd 0.2626 over 20 splits,evidence/e2_budget_sweep_summary.csv,"budget_frac=0.01, auroc_mean",supported
C160,\vETwoAccDeltaBA,V-D,E2 held-out accuracy change vs the clean head at budget fraction 0.01,FAMILY-A,"one HH-RLHF helpful-base pool, n=300, seed 0","20 splits (seeds 0-19), same pool",random_flip,n/a,1-1 rows,delta held-out accuracy,-0.0061,sd 0.0142; negative in 11 of 20 splits,evidence/e2_budget_sweep_summary.csv,"budget_frac=0.01, acc_delta_mean",supported
C161,\vETwoDriftBA,V-D,E2 parameter drift from the clean head at budget fraction 0.01,FAMILY-A,"one HH-RLHF helpful-base pool, n=300, seed 0","20 splits (seeds 0-19), same pool",random_flip,n/a,1-1 rows,L2 theta drift,7.0,sd 0.9384,evidence/e2_budget_sweep_summary.csv,"budget_frac=0.01, drift_mean",supported
C162,\vETwoAurocCA,V-D,E2 training-dynamics AUROC at budget fraction 0.02,FAMILY-A,"one HH-RLHF helpful-base pool, n=300, seed 0","20 splits (seeds 0-19), same pool",random_flip,training_dynamics,3-3 rows,auroc,0.6307,sd 0.1607 over 20 splits,evidence/e2_budget_sweep_summary.csv,"budget_frac=0.02, auroc_mean",supported
C163,\vETwoAccDeltaCA,V-D,E2 held-out accuracy change vs the clean head at budget fraction 0.02,FAMILY-A,"one HH-RLHF helpful-base pool, n=300, seed 0","20 splits (seeds 0-19), same pool",random_flip,n/a,3-3 rows,delta held-out accuracy,-0.0067,sd 0.0298; negative in 10 of 20 splits,evidence/e2_budget_sweep_summary.csv,"budget_frac=0.02, acc_delta_mean",supported
C164,\vETwoDriftCA,V-D,E2 parameter drift from the clean head at budget fraction 0.02,FAMILY-A,"one HH-RLHF helpful-base pool, n=300, seed 0","20 splits (seeds 0-19), same pool",random_flip,n/a,3-3 rows,L2 theta drift,11.8,sd 1.5194,evidence/e2_budget_sweep_summary.csv,"budget_frac=0.02, drift_mean",supported
C165,\vETwoAurocDA,V-D,E2 training-dynamics AUROC at budget fraction 0.03,FAMILY-A,"one HH-RLHF helpful-base pool, n=300, seed 0","20 splits (seeds 0-19), same pool",random_flip,training_dynamics,5-5 rows,auroc,0.5948,sd 0.1055 over 20 splits,evidence/e2_budget_sweep_summary.csv,"budget_frac=0.03, auroc_mean",supported
C166,\vETwoAccDeltaDA,V-D,E2 held-out accuracy change vs the clean head at budget fraction 0.03,FAMILY-A,"one HH-RLHF helpful-base pool, n=300, seed 0","20 splits (seeds 0-19), same pool",random_flip,n/a,5-5 rows,delta held-out accuracy,-0.0017,sd 0.0343; negative in 8 of 20 splits,evidence/e2_budget_sweep_summary.csv,"budget_frac=0.03, acc_delta_mean",supported
C167,\vETwoDriftDA,V-D,E2 parameter drift from the clean head at budget fraction 0.03,FAMILY-A,"one HH-RLHF helpful-base pool, n=300, seed 0","20 splits (seeds 0-19), same pool",random_flip,n/a,5-5 rows,L2 theta drift,15.5,sd 0.7936,evidence/e2_budget_sweep_summary.csv,"budget_frac=0.03, drift_mean",supported
C168,\vETwoAurocFA,V-D,E2 training-dynamics AUROC at budget fraction 0.05,FAMILY-A,"one HH-RLHF helpful-base pool, n=300, seed 0","20 splits (seeds 0-19), same pool",random_flip,training_dynamics,8-9 rows,auroc,0.6025,sd 0.0914 over 20 splits,evidence/e2_budget_sweep_summary.csv,"budget_frac=0.05, auroc_mean",supported
C169,\vETwoAccDeltaFA,V-D,E2 held-out accuracy change vs the clean head at budget fraction 0.05,FAMILY-A,"one HH-RLHF helpful-base pool, n=300, seed 0","20 splits (seeds 0-19), same pool",random_flip,n/a,8-9 rows,delta held-out accuracy,-0.0100,sd 0.0367; negative in 12 of 20 splits,evidence/e2_budget_sweep_summary.csv,"budget_frac=0.05, acc_delta_mean",supported
C170,\vETwoDriftFA,V-D,E2 parameter drift from the clean head at budget fraction 0.05,FAMILY-A,"one HH-RLHF helpful-base pool, n=300, seed 0","20 splits (seeds 0-19), same pool",random_flip,n/a,8-9 rows,L2 theta drift,20.4,sd 1.1473,evidence/e2_budget_sweep_summary.csv,"budget_frac=0.05, drift_mean",supported
C171,\vEFourNDepths,V-F,deletion depths applied per split,FAMILY-A,"one HH-RLHF helpful-base pool, n=300, seed 0","20 splits (seeds 0-19), same pool",ambiguity_flip alpha=1.0,training_dynamics,"int(0.15*n_train), 26-27 of 175-183",count,7,"5, 10, 15, 20, B, 35, 50; identical for every split",evidence/e4_per_seed_20splits.csv,per-seed nunique of k,supported
C172,\vEFourNDistinctK,V-F,distinct numeric k values across the aggregated table,FAMILY-A,"one HH-RLHF helpful-base pool, n=300, seed 0","20 splits (seeds 0-19), same pool",ambiguity_flip alpha=1.0,training_dynamics,"int(0.15*n_train), 26-27 of 175-183",count,8,eight rather than seven only because B = 26 in ten splits and 27 in ten,evidence/e4_per_seed_20splits.csv,"k, nunique",supported
C173,\vEFourAccClean,V-F,held-out accuracy of the head fit on the full original data,FAMILY-A,"one HH-RLHF helpful-base pool, n=300, seed 0","20 splits (seeds 0-19), same pool",none,n/a,"int(0.15*n_train), 26-27 of 175-183",held-out accuracy,0.5261,"sd 0.0368; range [0.4667, 0.6000]",evidence/e4_per_seed_20splits.csv,"is_budget_depth, acc_full_clean, mean",supported
C174,\vUninfLoss,V-F,logistic loss of a predictor assigning probability one half to every comparison,FAMILY-A,"one HH-RLHF helpful-base pool, n=300, seed 0",n/a,n/a,n/a,n/a,held-out logistic loss,0.6931,"exact: log 2 on every comparison, so no spread",arithmetic identity,log(2),supported
C175,\vEFourLossClean,V-F,held-out logistic loss of the head fit on the full original data,FAMILY-A,"one HH-RLHF helpful-base pool, n=300, seed 0","20 splits (seeds 0-19), same pool",none,n/a,"int(0.15*n_train), 26-27 of 175-183",held-out logistic loss,0.7258,"sd 0.0501; range [0.6426, 0.8099]",evidence/e4_per_seed_20splits.csv,"is_budget_depth, logloss_full_clean, mean",supported
C176,\vEFourLossCleanAboveUninf,V-F,splits where the full-clean head's held-out loss exceeds log 2,FAMILY-A,"one HH-RLHF helpful-base pool, n=300, seed 0","20 splits (seeds 0-19), same pool",none,n/a,"int(0.15*n_train), 26-27 of 175-183",count of splits,14,mean gap +0.0326,evidence/e4_per_seed_20splits.csv,"logloss_full_clean > log(2), sum",supported
C177,\vEFourAccUnsafe,V-F,held-out accuracy with no remediation,FAMILY-A,"one HH-RLHF helpful-base pool, n=300, seed 0","20 splits (seeds 0-19), same pool",ambiguity_flip alpha=1.0,n/a,"int(0.15*n_train), 26-27 of 175-183",held-out accuracy,0.5261,sd 0.0461,evidence/e4_per_seed_20splits.csv,"is_budget_depth, acc_unsafe, mean",supported
C178,\vEFourAttackAcc,V-F,effect of the attack on held-out accuracy,FAMILY-A,"one HH-RLHF helpful-base pool, n=300, seed 0","20 splits (seeds 0-19), same pool",ambiguity_flip alpha=1.0,n/a,"int(0.15*n_train), 26-27 of 175-183",delta held-out accuracy,0.0000,"sd 0.0320; worse in 11 of 20 splits, better in 8",evidence/e4_per_seed_20splits.csv,"acc_unsafe - acc_full_clean, mean",supported; no measurable effect
C179,\vEFourAttackAccWorse,V-F,splits where the attack lowered held-out accuracy,FAMILY-A,"one HH-RLHF helpful-base pool, n=300, seed 0","20 splits (seeds 0-19), same pool",ambiguity_flip alpha=1.0,n/a,"int(0.15*n_train), 26-27 of 175-183",count,11,of 20 splits,evidence/e4_per_seed_20splits.csv,"acc_unsafe < acc_full_clean, sum",supported
C180,\vEFourAttackLoss,V-F,effect of the attack on held-out logistic loss,FAMILY-A,"one HH-RLHF helpful-base pool, n=300, seed 0","20 splits (seeds 0-19), same pool",ambiguity_flip alpha=1.0,n/a,"int(0.15*n_train), 26-27 of 175-183",delta held-out logistic loss,+0.0238,sd 0.0440; higher in 13 of 20 splits,evidence/e4_per_seed_20splits.csv,"logloss_unsafe - logloss_full_clean, mean",supported
C181,\vEFourAttackLossWorse,V-F,splits where the attack raised held-out logistic loss,FAMILY-A,"one HH-RLHF helpful-base pool, n=300, seed 0","20 splits (seeds 0-19), same pool",ambiguity_flip alpha=1.0,n/a,"int(0.15*n_train), 26-27 of 175-183",count,13,of 20 splits,evidence/e4_per_seed_20splits.csv,"logloss_unsafe > logloss_full_clean, sum",supported
C182,\vEFourPrecBudget,V-F,"share of the deleted set that was reversed, at the budget-matched depth",FAMILY-A,"one HH-RLHF helpful-base pool, n=300, seed 0","20 splits (seeds 0-19), same pool",ambiguity_flip alpha=1.0,training_dynamics,"int(0.15*n_train), 26-27 of 175-183",precision of removal,0.5452,sd 0.0406; above prevalence in 20 of 20 splits,evidence/e4_per_seed_20splits.csv,"is_budget_depth, precision_of_removal, mean",supported
C183,\vEFourPrevalence,V-F,"reversal prevalence, the random-review baseline for deletion precision",FAMILY-A,"one HH-RLHF helpful-base pool, n=300, seed 0","20 splits (seeds 0-19), same pool",ambiguity_flip alpha=1.0,n/a,"int(0.15*n_train), 26-27 of 175-183",prevalence,0.1479,mean of B/n_train over 20 splits,evidence/e4_per_seed_20splits.csv,"budget / n_train, mean",supported
C184,\vEFourPrecAbovePrev,V-F,"(split, depth) cells where deletion precision exceeds prevalence",FAMILY-A,"one HH-RLHF helpful-base pool, n=300, seed 0","20 splits (seeds 0-19), same pool",ambiguity_flip alpha=1.0,training_dynamics,"int(0.15*n_train), 26-27 of 175-183",count,140,"of 140 cells, so every cell at every depth",evidence/e4_per_seed_20splits.csv,"precision_of_removal > budget/n_train, sum",supported
C185,\vEFourNCells,V-F,"(split, depth) cells in the rebuilt sweep",FAMILY-A,"one HH-RLHF helpful-base pool, n=300, seed 0","20 splits (seeds 0-19), same pool",ambiguity_flip alpha=1.0,training_dynamics,"int(0.15*n_train), 26-27 of 175-183",count,140,20 splits by 7 depths,evidence/e4_per_seed_20splits.csv,row count,supported
C186,\vEFourPrecShallow,V-F,deletion precision at the shallowest depth,FAMILY-A,"one HH-RLHF helpful-base pool, n=300, seed 0","20 splits (seeds 0-19), same pool",ambiguity_flip alpha=1.0,training_dynamics,"int(0.15*n_train), 26-27 of 175-183",precision of removal,0.8800,sd 0.1361,evidence/e4_summary_20splits.csv,"k=5, precision_of_removal_mean",supported
C187,\vEFourPrecDeep,V-F,deletion precision at the deepest depth,FAMILY-A,"one HH-RLHF helpful-base pool, n=300, seed 0","20 splits (seeds 0-19), same pool",ambiguity_flip alpha=1.0,training_dynamics,"int(0.15*n_train), 26-27 of 175-183",precision of removal,0.3660,sd 0.0338,evidence/e4_summary_20splits.csv,"k=50, precision_of_removal_mean",supported
C188,\vEFourRemVsNoneAcc,V-F,"accuracy difference between remediation and taking no action, budget depth",FAMILY-A,"one HH-RLHF helpful-base pool, n=300, seed 0","20 splits (seeds 0-19), same pool",ambiguity_flip alpha=1.0,training_dynamics,"int(0.15*n_train), 26-27 of 175-183",delta held-out accuracy,+0.0039,"sd 0.0240; better in 10, equal in 5, worse in 5 of 20 splits",evidence/e4_per_seed_20splits.csv,"acc_remediated - acc_unsafe, mean",supported; no direction
C189,\vEFourRemBetterAcc,V-F,splits where remediation raised accuracy,FAMILY-A,"one HH-RLHF helpful-base pool, n=300, seed 0","20 splits (seeds 0-19), same pool",ambiguity_flip alpha=1.0,training_dynamics,"int(0.15*n_train), 26-27 of 175-183",count,10,of 20 splits,evidence/e4_per_seed_20splits.csv,"acc_remediated > acc_unsafe, sum",supported
C190,\vEFourRemWorseAcc,V-F,splits where remediation lowered accuracy,FAMILY-A,"one HH-RLHF helpful-base pool, n=300, seed 0","20 splits (seeds 0-19), same pool",ambiguity_flip alpha=1.0,training_dynamics,"int(0.15*n_train), 26-27 of 175-183",count,5,of 20 splits,evidence/e4_per_seed_20splits.csv,"acc_remediated < acc_unsafe, sum",supported
C191,\vEFourRemEqualAcc,V-F,splits where remediation left accuracy unchanged,FAMILY-A,"one HH-RLHF helpful-base pool, n=300, seed 0","20 splits (seeds 0-19), same pool",ambiguity_flip alpha=1.0,training_dynamics,"int(0.15*n_train), 26-27 of 175-183",count,5,of 20 splits,evidence/e4_per_seed_20splits.csv,"acc_remediated == acc_unsafe, sum",supported
C192,\vEFourRemVsNoneLoss,V-F,held-out logistic loss penalty of remediation against taking no action,FAMILY-A,"one HH-RLHF helpful-base pool, n=300, seed 0","20 splits (seeds 0-19), same pool",ambiguity_flip alpha=1.0,training_dynamics,"int(0.15*n_train), 26-27 of 175-183",delta held-out logistic loss,+0.0161,sd 0.0212; higher in 17 of 20 splits,evidence/e4_per_seed_20splits.csv,"logloss_remediated - logloss_unsafe, mean",supported; consistent direction
C193,\vEFourRemWorseLoss,V-F,splits where remediation raised held-out logistic loss,FAMILY-A,"one HH-RLHF helpful-base pool, n=300, seed 0","20 splits (seeds 0-19), same pool",ambiguity_flip alpha=1.0,training_dynamics,"int(0.15*n_train), 26-27 of 175-183",count,17,of 20 splits,evidence/e4_per_seed_20splits.csv,"logloss_remediated > logloss_unsafe, sum",supported
C194,\vEFourLossPenShallow,V-F,loss penalty of remediation at the shallowest depth,FAMILY-A,"one HH-RLHF helpful-base pool, n=300, seed 0","20 splits (seeds 0-19), same pool",ambiguity_flip alpha=1.0,training_dynamics,"int(0.15*n_train), 26-27 of 175-183",delta held-out logistic loss,+0.0029,20-split mean at k=5,evidence/e4_summary_20splits.csv,"k=5, logloss_remediated_mean - logloss_unsafe_mean",supported
C195,\vEFourLossPenDeep,V-F,loss penalty of remediation at the deepest depth,FAMILY-A,"one HH-RLHF helpful-base pool, n=300, seed 0","20 splits (seeds 0-19), same pool",ambiguity_flip alpha=1.0,training_dynamics,"int(0.15*n_train), 26-27 of 175-183",delta held-out logistic loss,+0.0283,20-split mean at k=50,evidence/e4_summary_20splits.csv,"k=50, logloss_remediated_mean - logloss_unsafe_mean",supported
C196,\vEFourCompLoss,V-F,held-out loss cost of deleting the same number of comparisons that carried original labels,FAMILY-A,"one HH-RLHF helpful-base pool, n=300, seed 0","20 splits (seeds 0-19), same pool",ambiguity_flip alpha=1.0,training_dynamics,"int(0.15*n_train), 26-27 of 175-183",delta held-out logistic loss,+0.0235,sd 0.0204; higher in 18 of 20 splits,evidence/e4_per_seed_20splits.csv,"logloss_matched_clean_cf - logloss_full_clean, mean",supported; consistent direction
C197,\vEFourCompLossWorse,V-F,splits where deleting original-label comparisons raised held-out loss,FAMILY-A,"one HH-RLHF helpful-base pool, n=300, seed 0","20 splits (seeds 0-19), same pool",ambiguity_flip alpha=1.0,training_dynamics,"int(0.15*n_train), 26-27 of 175-183",count,18,of 20 splits,evidence/e4_per_seed_20splits.csv,"logloss_matched_clean_cf > logloss_full_clean, sum",supported
C198,\vEFourResidLoss,V-F,held-out loss difference between remediation and the matched original-label control,FAMILY-A,"one HH-RLHF helpful-base pool, n=300, seed 0","20 splits (seeds 0-19), same pool",ambiguity_flip alpha=1.0,training_dynamics,"int(0.15*n_train), 26-27 of 175-183",delta held-out logistic loss,+0.0163,"sd 0.0441; higher in only 12 of 20 splits, so no consistent direction",evidence/e4_per_seed_20splits.csv,"logloss_remediated - logloss_matched_clean_cf, mean",supported as inconsistent; no direction claimed
C199,\vEFourResidLossWorse,V-F,splits where remediation was worse than the matched control on held-out loss,FAMILY-A,"one HH-RLHF helpful-base pool, n=300, seed 0","20 splits (seeds 0-19), same pool",ambiguity_flip alpha=1.0,training_dynamics,"int(0.15*n_train), 26-27 of 175-183",count,12,of 20 splits,evidence/e4_per_seed_20splits.csv,"logloss_remediated > logloss_matched_clean_cf, sum",supported
C200,\vEFourSurvive,V-F,reversed comparisons still in the training set at the budget-matched depth,FAMILY-A,"one HH-RLHF helpful-base pool, n=300, seed 0","20 splits (seeds 0-19), same pool",ambiguity_flip alpha=1.0,training_dynamics,"int(0.15*n_train), 26-27 of 175-183",count,12.1,sd 1.10 of B = 26 or 27,evidence/e4_per_seed_20splits.csv,"is_budget_depth, poisoned_surviving, mean",supported
C201,\vEFourMcNemarSig,V-F,splits where the paired test separates remediation from the matched control,FAMILY-A,"one HH-RLHF helpful-base pool, n=300, seed 0","20 splits (seeds 0-19), same pool",ambiguity_flip alpha=1.0,training_dynamics,"int(0.15*n_train), 26-27 of 175-183",count of exact two-sided McNemar p < 0.05,1,"of 20 splits; tested within each split, never pooled",evidence/e4_per_seed_20splits.csv,"is_budget_depth, mcnemar_p < 0.05, sum",supported
C202,\vEFourSeedZeroGap,V-F,the split-seed-0 accuracy gap that Draft 1 reported as the headline,FAMILY-A,"one HH-RLHF helpful-base pool, n=300, seed 0",split seed 0 only,ambiguity_flip alpha=1.0,training_dynamics,26 of 176,delta held-out accuracy,-0.0556,the most extreme of the 20 splits on this quantity,evidence/e4_per_seed_20splits.csv,"seed=0, is_budget_depth, acc_gap_remed_minus_matched",superseded by the 20-split mean
