seed,alpha,detector,auroc
0,0.0,self_influence,0.5089743589743589
0,0.0,cross_fit,0.6187179487179487
0,0.0,training_dynamics,0.28384615384615386
0,0.25,self_influence,0.6305128205128205
0,0.25,cross_fit,0.6282051282051282
0,0.25,training_dynamics,0.45
0,0.5,self_influence,0.6346153846153846
0,0.5,cross_fit,0.6366666666666667
0,0.5,training_dynamics,0.5276923076923077
0,0.75,self_influence,0.6715384615384615
0,0.75,cross_fit,0.5817948717948718
0,0.75,training_dynamics,0.6471794871794871
0,1.0,self_influence,0.4828205128205128
0,1.0,cross_fit,0.6328205128205128
0,1.0,training_dynamics,0.8146153846153846
1,0.0,self_influence,0.5022924095771778
1,0.0,cross_fit,0.5855832908813041
1,0.0,training_dynamics,0.25063678043810494
1,0.25,self_influence,0.5876209882832399
1,0.25,cross_fit,0.5848191543555782
1,0.25,training_dynamics,0.38588894549159447
1,0.5,self_influence,0.6569026999490576
1,0.5,cross_fit,0.6176770249617932
1,0.5,training_dynamics,0.5634233316352522
1,0.75,self_influence,0.652317880794702
1,0.75,cross_fit,0.5850738665308202
1,0.75,training_dynamics,0.6917982679572083
1,1.0,self_influence,0.4108507386653082
1,1.0,cross_fit,0.609016811003566
1,1.0,training_dynamics,0.8028527763627101
2,0.0,self_influence,0.504236262406197
2,0.0,cross_fit,0.5962236746550472
2,0.0,training_dynamics,0.2844347615589446
2,0.25,self_influence,0.5112563543936093
2,0.25,cross_fit,0.48946986201888165
2,0.25,training_dynamics,0.3403534253207456
2,0.5,self_influence,0.6247881868796902
2,0.5,cross_fit,0.5908980876301138
2,0.5,training_dynamics,0.5020576131687243
2,0.75,self_influence,0.6715081094166061
2,0.75,cross_fit,0.6013071895424836
2,0.75,training_dynamics,0.6857903655289276
2,1.0,self_influence,0.4442023723069475
2,1.0,cross_fit,0.5899297990801259
2,1.0,training_dynamics,0.8213507625272332
3,0.0,self_influence,0.598160251755023
3,0.0,cross_fit,0.6702977487291213
3,0.0,training_dynamics,0.3756959573953038
3,0.25,self_influence,0.5843621399176955
3,0.25,cross_fit,0.6458484628419269
3,0.25,training_dynamics,0.40038731541999517
3,0.5,self_influence,0.6385862987170177
3,0.5,cross_fit,0.6063907044299202
3,0.5,training_dynamics,0.5536189784555797
3,0.75,self_influence,0.682885499878964
3,0.75,cross_fit,0.6279351246671508
3,0.75,training_dynamics,0.6419753086419753
3,1.0,self_influence,0.5318324860808521
3,1.0,cross_fit,0.6194625998547567
3,1.0,training_dynamics,0.8344226579520697
4,0.0,self_influence,0.5885565052231719
4,0.0,cross_fit,0.6692782526115859
4,0.0,training_dynamics,0.36253561253561256
4,0.25,self_influence,0.5035612535612536
4,0.25,cross_fit,0.560303893637227
4,0.25,training_dynamics,0.4097815764482431
4,0.5,self_influence,0.646011396011396
4,0.5,cross_fit,0.6028015194681862
4,0.5,training_dynamics,0.5531813865147198
4,0.75,self_influence,0.6851851851851852
4,0.75,cross_fit,0.610636277302944
4,0.75,training_dynamics,0.6711775878442545
4,1.0,self_influence,0.43874643874643876
4,1.0,cross_fit,0.5638651471984806
4,1.0,training_dynamics,0.7989078822412156
5,0.0,self_influence,0.5287824758023434
5,0.0,cross_fit,0.60825267447784
5,0.0,training_dynamics,0.2954661232806928
5,0.25,self_influence,0.5812531839021905
5,0.25,cross_fit,0.5998471726948548
5,0.25,training_dynamics,0.40269994905756495
5,0.5,self_influence,0.6726948548140601
5,0.5,cross_fit,0.5662251655629139
5,0.5,training_dynamics,0.5728476821192053
5,0.75,self_influence,0.7014773306164035
5,0.75,cross_fit,0.5809984717269485
5,0.75,training_dynamics,0.6882322975038206
5,1.0,self_influence,0.48955680081507896
5,1.0,cross_fit,0.6342333163525217
5,1.0,training_dynamics,0.8362200713194091
6,0.0,self_influence,0.5514670514670514
6,0.0,cross_fit,0.6238576238576239
6,0.0,training_dynamics,0.2994227994227994
6,0.25,self_influence,0.6577681577681578
6,0.25,cross_fit,0.6952861952861953
6,0.25,training_dynamics,0.4615199615199615
6,0.5,self_influence,0.689033189033189
6,0.5,cross_fit,0.5798460798460798
6,0.5,training_dynamics,0.6204906204906205
6,0.75,self_influence,0.6423761423761424
6,0.75,cross_fit,0.5461760461760462
6,0.75,training_dynamics,0.6308321308321309
6,1.0,self_influence,0.48508898508898507
6,1.0,cross_fit,0.6132756132756133
6,1.0,training_dynamics,0.79004329004329
7,0.0,self_influence,0.5502564102564103
7,0.0,cross_fit,0.6782051282051282
7,0.0,training_dynamics,0.28282051282051285
7,0.25,self_influence,0.5846153846153846
7,0.25,cross_fit,0.5884615384615385
7,0.25,training_dynamics,0.43948717948717947
7,0.5,self_influence,0.5917948717948718
7,0.5,cross_fit,0.5043589743589744
7,0.5,training_dynamics,0.5151282051282051
7,0.75,self_influence,0.615897435897436
7,0.75,cross_fit,0.5176923076923077
7,0.75,training_dynamics,0.6387179487179487
7,1.0,self_influence,0.5184615384615384
7,1.0,cross_fit,0.587948717948718
7,1.0,training_dynamics,0.8220512820512821
8,0.0,self_influence,0.608848667672197
8,0.0,cross_fit,0.669683257918552
8,0.0,training_dynamics,0.3622423328305681
8,0.25,self_influence,0.6156359979889392
8,0.25,cross_fit,0.6473102061337356
8,0.25,training_dynamics,0.4308697838109603
8,0.5,self_influence,0.6611362493715435
8,0.5,cross_fit,0.5975364504776269
8,0.5,training_dynamics,0.5407239819004525
8,0.75,self_influence,0.72473604826546
8,0.75,cross_fit,0.630718954248366
8,0.75,training_dynamics,0.7280040221216691
8,1.0,self_influence,0.5356963298139769
8,1.0,cross_fit,0.652589240824535
8,1.0,training_dynamics,0.879587732528909
9,0.0,self_influence,0.5291696925683854
9,0.0,cross_fit,0.5669329460179133
9,0.0,training_dynamics,0.289760348583878
9,0.25,self_influence,0.6349552166545631
9,0.25,cross_fit,0.607358992979908
9,0.25,training_dynamics,0.43137254901960786
9,0.5,self_influence,0.7194383926410071
9,0.5,cross_fit,0.6182522391672719
9,0.5,training_dynamics,0.6088114258048899
9,0.75,self_influence,0.7267005567659163
9,0.75,cross_fit,0.6134107964173323
9,0.75,training_dynamics,0.6937787460663277
9,1.0,self_influence,0.44517066085693535
9,1.0,cross_fit,0.6211571048172355
9,1.0,training_dynamics,0.8564512224642944
10,0.0,self_influence,0.5232974910394266
10,0.0,cross_fit,0.5682198327359618
10,0.0,training_dynamics,0.27646356033452807
10,0.25,self_influence,0.633452807646356
10,0.25,cross_fit,0.5835125448028674
10,0.25,training_dynamics,0.4547192353643967
10,0.5,self_influence,0.6590203106332139
10,0.5,cross_fit,0.5572281959378733
10,0.5,training_dynamics,0.5407407407407407
10,0.75,self_influence,0.7290322580645161
10,0.75,cross_fit,0.608363201911589
10,0.75,training_dynamics,0.6888888888888889
10,1.0,self_influence,0.4860215053763441
10,1.0,cross_fit,0.6210274790919952
10,1.0,training_dynamics,0.8583034647550777
11,0.0,self_influence,0.5528846153846154
11,0.0,cross_fit,0.6108299595141701
11,0.0,training_dynamics,0.33856275303643724
11,0.25,self_influence,0.632085020242915
11,0.25,cross_fit,0.6573886639676113
11,0.25,training_dynamics,0.45167004048583
11,0.5,self_influence,0.5700910931174089
11,0.5,cross_fit,0.4949392712550607
11,0.5,training_dynamics,0.5301113360323887
11,0.75,self_influence,0.6905364372469636
11,0.75,cross_fit,0.597419028340081
11,0.75,training_dynamics,0.680161943319838
11,1.0,self_influence,0.5328947368421053
11,1.0,cross_fit,0.5984311740890689
11,1.0,training_dynamics,0.8150303643724697
12,0.0,self_influence,0.46114742193173563
12,0.0,cross_fit,0.5388525780682644
12,0.0,training_dynamics,0.24739772452190753
12,0.25,self_influence,0.579762769305253
12,0.25,cross_fit,0.5996126845800048
12,0.25,training_dynamics,0.4466230936819172
12,0.5,self_influence,0.5688695231178892
12,0.5,cross_fit,0.5446623093681917
12,0.5,training_dynamics,0.46744129750665697
12,0.75,self_influence,0.6678770273541516
12,0.75,cross_fit,0.5807310578552408
12,0.75,training_dynamics,0.6845800048414428
12,1.0,self_influence,0.4439603001694505
12,1.0,cross_fit,0.5570079883805374
12,1.0,training_dynamics,0.7877027354151537
13,0.0,self_influence,0.5076413652572593
13,0.0,cross_fit,0.6253183902190524
13,0.0,training_dynamics,0.2682119205298013
13,0.25,self_influence,0.6029037187977585
13,0.25,cross_fit,0.6597045338767193
13,0.25,training_dynamics,0.4396332144676516
13,0.5,self_influence,0.6472236372898624
13,0.5,cross_fit,0.5568008150789607
13,0.5,training_dynamics,0.5308201732042792
13,0.75,self_influence,0.6996943453897096
13,0.75,cross_fit,0.6248089658685685
13,0.75,training_dynamics,0.6831380539989812
13,1.0,self_influence,0.4276617422312787
13,1.0,cross_fit,0.5797249108507386
13,1.0,training_dynamics,0.8031074885379521
14,0.0,self_influence,0.5098039215686274
14,0.0,cross_fit,0.6143790849673203
14,0.0,training_dynamics,0.28456510809451985
14,0.25,self_influence,0.6458019105077929
14,0.25,cross_fit,0.6339869281045751
14,0.25,training_dynamics,0.4374057315233786
14,0.5,self_influence,0.6176470588235294
14,0.5,cross_fit,0.5329311211664153
14,0.5,training_dynamics,0.5294117647058824
14,0.75,self_influence,0.6390145801910507
14,0.75,cross_fit,0.5487682252388135
14,0.75,training_dynamics,0.6359979889391654
14,1.0,self_influence,0.43790849673202614
14,1.0,cross_fit,0.599798893916541
14,1.0,training_dynamics,0.8049270990447461
15,0.0,self_influence,0.45574795574795574
15,0.0,cross_fit,0.5406445406445406
15,0.0,training_dynamics,0.24579124579124578
15,0.25,self_influence,0.5670995670995671
15,0.25,cross_fit,0.5339105339105339
15,0.25,training_dynamics,0.3864838864838865
15,0.5,self_influence,0.5976430976430976
15,0.5,cross_fit,0.5048100048100048
15,0.5,training_dynamics,0.5478595478595478
15,0.75,self_influence,0.7258297258297258
15,0.75,cross_fit,0.6491101491101491
15,0.75,training_dynamics,0.6570466570466571
15,1.0,self_influence,0.4894179894179894
15,1.0,cross_fit,0.5998075998075998
15,1.0,training_dynamics,0.8172198172198172
16,0.0,self_influence,0.44776828110161443
16,0.0,cross_fit,0.5349002849002849
16,0.0,training_dynamics,0.2409781576448243
16,0.25,self_influence,0.5664767331433999
16,0.25,cross_fit,0.5068850902184235
16,0.25,training_dynamics,0.42830009496676164
16,0.5,self_influence,0.5600664767331434
16,0.5,cross_fit,0.4681861348528015
16,0.5,training_dynamics,0.4855175688509022
16,0.75,self_influence,0.6272554605887939
16,0.75,cross_fit,0.5641025641025641
16,0.75,training_dynamics,0.6239316239316239
16,1.0,self_influence,0.41856600189933524
16,1.0,cross_fit,0.5446343779677113
16,1.0,training_dynamics,0.7960588793922128
17,0.0,self_influence,0.5675029868578255
17,0.0,cross_fit,0.6332138590203107
17,0.0,training_dynamics,0.32951015531660693
17,0.25,self_influence,0.6635603345280765
17,0.25,cross_fit,0.6908004778972521
17,0.25,training_dynamics,0.4661887694145759
17,0.5,self_influence,0.7144563918757467
17,0.5,cross_fit,0.6673835125448029
17,0.5,training_dynamics,0.5708482676224612
17,0.75,self_influence,0.7027479091995221
17,0.75,cross_fit,0.6038231780167264
17,0.75,training_dynamics,0.6965352449223416
17,1.0,self_influence,0.45639187574671447
17,1.0,cross_fit,0.6592592592592592
17,1.0,training_dynamics,0.8315412186379928
18,0.0,self_influence,0.5537442689760571
18,0.0,cross_fit,0.6930718288334182
18,0.0,training_dynamics,0.31788079470198677
18,0.25,self_influence,0.6174223127865512
18,0.25,cross_fit,0.6594498217014774
18,0.25,training_dynamics,0.467651553744269
18,0.5,self_influence,0.6808456444218034
18,0.5,cross_fit,0.6029037187977585
18,0.5,training_dynamics,0.5937340804890474
18,0.75,self_influence,0.7198166072338258
18,0.75,cross_fit,0.6258278145695364
18,0.75,training_dynamics,0.7045338767193072
18,1.0,self_influence,0.5275089149261335
18,1.0,cross_fit,0.6332144676515538
18,1.0,training_dynamics,0.8713703515028018
19,0.0,self_influence,0.62751677852349
19,0.0,cross_fit,0.7803304078471863
19,0.0,training_dynamics,0.3678368611254517
19,0.25,self_influence,0.6770779556014456
19,0.25,cross_fit,0.6917914300464636
19,0.25,training_dynamics,0.4981930820856995
19,0.5,self_influence,0.6122870418172431
19,0.5,cross_fit,0.5756324212700051
19,0.5,training_dynamics,0.5229736706246774
19,0.75,self_influence,0.7413526071244192
19,0.75,cross_fit,0.6471347444501807
19,0.75,training_dynamics,0.7186370676303562
19,1.0,self_influence,0.5196179659266907
19,1.0,cross_fit,0.6997934950955085
19,1.0,training_dynamics,0.8879710893133712
