seed,stage,detector,auroc,precision_at_budget,mean_flipped,mean_unflipped
0,stage0_pre_attack,self_influence,0.7156410256410256,0.38461538461538464,35.80223626269715,19.07382232301233
0,stage0_pre_attack,training_dynamics,0.5784615384615385,0.19230769230769232,-1.178782846524809,-1.48608294762965
0,stage0_pre_attack,cross_fit,0.75,0.5384615384615384,0.6389666545878742,0.40548077805369387
0,stage0_pre_attack,ensemble,0.7033333333333334,0.38461538461538464,115.7051282051282,83.78444444444445
0,stage1_flipped_clean_models,self_influence,0.9928205128205129,0.9615384615384616,384.44131611349053,19.07382232301233
0,stage1_flipped_clean_models,training_dynamics,0.9974358974358974,0.9230769230769231,1.178782846524809,-1.48608294762965
0,stage1_flipped_clean_models,cross_fit,0.4341025641025641,0.15384615384615385,0.361033345412126,0.40548077805369387
0,stage1_flipped_clean_models,ensemble,0.8743589743589744,0.4230769230769231,134.7179487179487,80.48888888888888
0,stage2_poisoned_refit,self_influence,0.31666666666666665,0.0,6.122350151155637,15.53763556841521
0,stage2_poisoned_refit,training_dynamics,0.2969230769230769,0.0,-2.9239415969003457,-1.9989531762977777
0,stage2_poisoned_refit,cross_fit,0.3082051282051282,0.0,0.1680974664721821,0.33185926746400835
0,stage2_poisoned_refit,ensemble,0.29205128205128206,0.0,59.58974358974358,93.51111111111112
1,stage0_pre_attack,self_influence,0.25802343352012225,0.07692307692307693,11.509551629789412,24.094771188681296
1,stage0_pre_attack,training_dynamics,0.1543555781966378,0.0,-2.476350631357187,-1.1836866013756782
1,stage0_pre_attack,cross_fit,0.2674477840040754,0.07692307692307693,0.27712469434304265,0.472601243892983
1,stage0_pre_attack,ensemble,0.2119205298013245,0.07692307692307693,47.717948717948715,96.10816777041941
1,stage1_flipped_clean_models,self_influence,1.0,1.0,1041.6470390801328,24.094771188681296
1,stage1_flipped_clean_models,training_dynamics,1.0,1.0,2.476350631357187,-1.1836866013756782
1,stage1_flipped_clean_models,cross_fit,0.7682119205298014,0.5,0.7228753056569575,0.472601243892983
1,stage1_flipped_clean_models,ensemble,0.9560621497707591,0.7692307692307693,152.83333333333334,78.00883002207506
1,stage2_poisoned_refit,self_influence,0.2618441161487519,0.0,11.005525708561512,23.163104666380015
1,stage2_poisoned_refit,training_dynamics,0.16250636780438105,0.0,-2.44676616210771,-1.1815366033777768
1,stage2_poisoned_refit,cross_fit,0.31558838512480897,0.07692307692307693,0.3243958163885514,0.4616596785830158
1,stage2_poisoned_refit,ensemble,0.21790626591951096,0.0,50.74358974358975,95.58719646799116
2,stage0_pre_attack,self_influence,0.19849915274751875,0.0,9.35483513090842,25.148029768650513
2,stage0_pre_attack,training_dynamics,0.14040183974824497,0.0,-2.4645978886109146,-1.1822239892852628
2,stage0_pre_attack,cross_fit,0.18010167029774873,0.0,0.2129410559151467,0.4839235856469378
2,stage0_pre_attack,ensemble,0.144880174291939,0.0,40.46913580246914,99.32897603485839
2,stage1_flipped_clean_models,self_influence,1.0,1.0,882.0583531642471,25.148029768650513
2,stage1_flipped_clean_models,training_dynamics,1.0,1.0,2.4645978886109146,-1.1822239892852628
2,stage1_flipped_clean_models,cross_fit,0.8361171629145485,0.5185185185185185,0.7870589440848533,0.4839235856469378
2,stage1_flipped_clean_models,ensemble,0.9774872912127814,0.8518518518518519,158.641975308642,78.47494553376906
2,stage2_poisoned_refit,self_influence,0.25393367223432584,0.037037037037037035,12.39214331459876,26.439357310779805
2,stage2_poisoned_refit,training_dynamics,0.1803437424352457,0.0,-2.2313494170799713,-1.1619427983675046
2,stage2_poisoned_refit,cross_fit,0.2786250302590172,0.07407407407407407,0.3143364270040318,0.4895528208767609
2,stage2_poisoned_refit,ensemble,0.21822803195352214,0.0,50.358024691358025,97.58387799564271
3,stage0_pre_attack,self_influence,0.6407649479544905,0.3333333333333333,28.24609236854783,19.600209164566976
3,stage0_pre_attack,training_dynamics,0.5083514887436456,0.1111111111111111,-1.444354844810172,-1.49130306689924
3,stage0_pre_attack,cross_fit,0.6698136044541273,0.37037037037037035,0.5507624809618078,0.3992029429772761
3,stage0_pre_attack,ensemble,0.6218833212297264,0.3333333333333333,106.76543209876543,87.62962962962962
3,stage1_flipped_clean_models,self_influence,0.990559186637618,0.9259259259259259,536.4995311675941,19.600209164566976
3,stage1_flipped_clean_models,training_dynamics,0.9937061244250787,0.9259259259259259,1.444354844810172,-1.49130306689924
3,stage1_flipped_clean_models,cross_fit,0.5405470830307432,0.2222222222222222,0.4492375190381922,0.3992029429772761
3,stage1_flipped_clean_models,ensemble,0.8925199709513435,0.5555555555555556,142.76543209876544,81.27668845315904
3,stage2_poisoned_refit,self_influence,0.28854998789639313,0.0,6.345076916978558,16.71181208332648
3,stage2_poisoned_refit,training_dynamics,0.271362866134108,0.0,-3.1108267245845385,-1.9536827483324342
3,stage2_poisoned_refit,cross_fit,0.2783829581215202,0.0,0.1572882449988498,0.342108943271351
3,stage2_poisoned_refit,ensemble,0.2726942628903413,0.0,56.75308641975308,96.45533769063182
4,stage0_pre_attack,self_influence,0.6873219373219374,0.37037037037037035,35.15382434905351,19.8721779838134
4,stage0_pre_attack,training_dynamics,0.5311016144349477,0.18518518518518517,-1.2498627322526001,-1.3990013318510774
4,stage0_pre_attack,cross_fit,0.7110636277302944,0.4074074074074074,0.6007705014902583,0.4090594998997887
4,stage0_pre_attack,ensemble,0.6593067426400759,0.37037037037037035,114.33333333333333,88.13461538461539
4,stage1_flipped_clean_models,self_influence,0.9952516619183286,0.9629629629629629,433.72679391470126,19.8721779838134
4,stage1_flipped_clean_models,training_dynamics,0.99335232668566,0.9259259259259259,1.2498627322526001,-1.3990013318510774
4,stage1_flipped_clean_models,cross_fit,0.4795821462488129,0.18518518518518517,0.39922949850974165,0.4090594998997887
4,stage1_flipped_clean_models,ensemble,0.8790360873694207,0.48148148148148145,142.3456790123457,83.28632478632478
4,stage2_poisoned_refit,self_influence,0.2815764482431149,0.0,6.090736298194953,16.65597071276454
4,stage2_poisoned_refit,training_dynamics,0.25,0.0,-3.0366983229363433,-1.887148263445093
4,stage2_poisoned_refit,cross_fit,0.27706552706552706,0.037037037037037035,0.16990313526951026,0.3497588849138186
4,stage2_poisoned_refit,ensemble,0.2621082621082621,0.0,56.04938271604938,98.22222222222223
5,stage0_pre_attack,self_influence,0.6676006113092205,0.34615384615384615,31.78501360468844,18.87441356975965
5,stage0_pre_attack,training_dynamics,0.5104431991849211,0.15384615384615385,-1.3649674529654412,-1.4460712188243805
5,stage0_pre_attack,cross_fit,0.67396841569027,0.38461538461538464,0.5743558598486883,0.41027215545611756
5,stage0_pre_attack,ensemble,0.6318135506877228,0.2692307692307692,106.71794871794873,85.94922737306842
5,stage1_flipped_clean_models,self_influence,0.9946510443199185,0.9230769230769231,519.1725832888427,18.87441356975965
5,stage1_flipped_clean_models,training_dynamics,0.9946510443199185,0.8846153846153846,1.3649674529654412,-1.4460712188243805
5,stage1_flipped_clean_models,cross_fit,0.5025471217524198,0.23076923076923078,0.4256441401513117,0.41027215545611756
5,stage1_flipped_clean_models,ensemble,0.8797758532857871,0.46153846153846156,138.92307692307693,80.40397350993378
5,stage2_poisoned_refit,self_influence,0.3000509424350484,0.0,5.6714190878835105,16.26991671721121
5,stage2_poisoned_refit,training_dynamics,0.26617422312786554,0.0,-2.9686623460802295,-1.9274318049059052
5,stage2_poisoned_refit,cross_fit,0.3138053998981151,0.07692307692307693,0.1845658063028114,0.34511924064951255
5,stage2_poisoned_refit,ensemble,0.2860417727967397,0.0,57.794871794871796,94.37306843267109
6,stage0_pre_attack,self_influence,0.21813371813371812,0.0,9.570879329400192,25.06227127038708
6,stage0_pre_attack,training_dynamics,0.14959114959114958,0.0,-2.559677109891683,-1.2634628272267054
6,stage0_pre_attack,cross_fit,0.26142376142376145,0.14814814814814814,0.28670665530051476,0.4770333810508858
6,stage0_pre_attack,ensemble,0.19276094276094277,0.0,46.2962962962963,98.83766233766232
6,stage1_flipped_clean_models,self_influence,1.0,1.0,1022.2050829227185,25.06227127038708
6,stage1_flipped_clean_models,training_dynamics,1.0,1.0,2.559677109891683,-1.2634628272267054
6,stage1_flipped_clean_models,cross_fit,0.7741702741702742,0.48148148148148145,0.7132933446994854,0.4770333810508858
6,stage1_flipped_clean_models,ensemble,0.9587542087542088,0.7777777777777778,156.40740740740742,79.53246753246754
6,stage2_poisoned_refit,self_influence,0.26551226551226553,0.0,12.477653323830383,25.300169972676265
6,stage2_poisoned_refit,training_dynamics,0.1931216931216931,0.0,-2.273063367975117,-1.225697344936204
6,stage2_poisoned_refit,cross_fit,0.25998075998076,0.07407407407407407,0.2794600936060989,0.46943164173335034
6,stage2_poisoned_refit,ensemble,0.22294372294372294,0.0,50.888888888888886,98.03246753246754
7,stage0_pre_attack,self_influence,0.6984615384615385,0.4230769230769231,35.807946568509216,19.271169843392137
7,stage0_pre_attack,training_dynamics,0.5671794871794872,0.15384615384615385,-1.170652739714483,-1.4549448809677983
7,stage0_pre_attack,cross_fit,0.658974358974359,0.34615384615384615,0.5723010118770668,0.4273119004879133
7,stage0_pre_attack,ensemble,0.6617948717948718,0.34615384615384615,109.73076923076925,84.82
7,stage1_flipped_clean_models,self_influence,0.9856410256410256,0.9230769230769231,377.9611084444581,19.271169843392137
7,stage1_flipped_clean_models,training_dynamics,0.9897435897435898,0.8846153846153846,1.170652739714483,-1.4549448809677983
7,stage1_flipped_clean_models,cross_fit,0.48333333333333334,0.3076923076923077,0.4276989881229332,0.4273119004879133
7,stage1_flipped_clean_models,ensemble,0.865897435897436,0.46153846153846156,136.4358974358974,80.19111111111111
7,stage2_poisoned_refit,self_influence,0.2982051282051282,0.0,6.239434596455565,15.635363037107057
7,stage2_poisoned_refit,training_dynamics,0.28923076923076924,0.0,-3.0913204334525526,-2.0145891872433506
7,stage2_poisoned_refit,cross_fit,0.2764102564102564,0.0,0.15666210787614418,0.3421274860956823
7,stage2_poisoned_refit,ensemble,0.2773076923076923,0.0,56.692307692307686,94.01333333333334
8,stage0_pre_attack,self_influence,0.21216691804927099,0.038461538461538464,8.501511258243639,21.21843690877111
8,stage0_pre_attack,training_dynamics,0.14705882352941177,0.0,-2.725320572988518,-1.365311692767552
8,stage0_pre_attack,cross_fit,0.21820010055304173,0.11538461538461539,0.21370590560776026,0.44023577780855827
8,stage0_pre_attack,ensemble,0.17873303167420815,0.038461538461538464,42.94871794871795,97.99564270152504
8,stage1_flipped_clean_models,self_influence,1.0,1.0,1145.9101141952185,21.21843690877111
8,stage1_flipped_clean_models,training_dynamics,1.0,1.0,2.725320572988518,-1.365311692767552
8,stage1_flipped_clean_models,cross_fit,0.8562091503267973,0.6923076923076923,0.7862940943922397,0.44023577780855827
8,stage1_flipped_clean_models,ensemble,0.970211161387632,0.8461538461538461,159.16666666666666,78.24618736383444
8,stage2_poisoned_refit,self_influence,0.2905982905982906,0.038461538461538464,12.508007762855714,21.89271222566302
8,stage2_poisoned_refit,training_dynamics,0.20361990950226244,0.0,-2.3822115783539215,-1.3290424103208136
8,stage2_poisoned_refit,cross_fit,0.2893413775766717,0.11538461538461539,0.28148726211556657,0.44217488584428777
8,stage2_poisoned_refit,ensemble,0.24673202614379086,0.038461538461538464,53.46153846153846,96.20915032679738
9,stage0_pre_attack,self_influence,0.6492374727668845,0.3333333333333333,34.76264084273583,19.374134657054064
9,stage0_pre_attack,training_dynamics,0.5061728395061729,0.14814814814814814,-1.3884016708872755,-1.4344319095131952
9,stage0_pre_attack,cross_fit,0.6986201888162672,0.3333333333333333,0.581023075387068,0.41069948961770797
9,stage0_pre_attack,ensemble,0.6299927378358751,0.2962962962962963,108.55555555555556,87.31372549019608
9,stage1_flipped_clean_models,self_influence,0.9849915274751876,0.8888888888888888,528.7223514051699,19.374134657054064
9,stage1_flipped_clean_models,training_dynamics,0.9825708061002179,0.8888888888888888,1.3884016708872755,-1.4344319095131952
9,stage1_flipped_clean_models,cross_fit,0.47591382231905105,0.2222222222222222,0.418976924612932,0.41069948961770797
9,stage1_flipped_clean_models,ensemble,0.8686758654078915,0.4444444444444444,138.6172839506173,82.00871459694989
9,stage2_poisoned_refit,self_influence,0.31251512950859356,0.037037037037037035,7.248308053066067,16.14966745864639
9,stage2_poisoned_refit,training_dynamics,0.27959331880900506,0.0,-3.1067632553605087,-1.944138063850425
9,stage2_poisoned_refit,cross_fit,0.30888404744613895,0.037037037037037035,0.18686334307257788,0.34592295452454025
9,stage2_poisoned_refit,ensemble,0.28963931251512953,0.0,59.95061728395062,95.89106753812635
10,stage0_pre_attack,self_influence,0.13213859020310634,0.0,5.065623568560499,22.784583402829607
10,stage0_pre_attack,training_dynamics,0.0912783751493429,0.0,-3.0639886952614894,-1.3272799749225515
10,stage0_pre_attack,cross_fit,0.18566308243727597,0.037037037037037035,0.1815337933792237,0.46213538210354477
10,stage0_pre_attack,ensemble,0.11863799283154122,0.0,35.135802469135804,101.31827956989248
10,stage1_flipped_clean_models,self_influence,1.0,1.0,1260.3590218527563,22.784583402829607
10,stage1_flipped_clean_models,training_dynamics,1.0,1.0,3.0639886952614894,-1.3272799749225515
10,stage1_flipped_clean_models,cross_fit,0.8661887694145759,0.6296296296296297,0.8184662066207764,0.46213538210354477
10,stage1_flipped_clean_models,ensemble,0.977299880525687,0.8518518518518519,162.0864197530864,79.20430107526882
10,stage2_poisoned_refit,self_influence,0.33548387096774196,0.0,15.090041509230021,24.930869072189612
10,stage2_poisoned_refit,training_dynamics,0.21959378733572282,0.0,-2.105927551995408,-1.1738029126043348
10,stage2_poisoned_refit,cross_fit,0.2743130227001195,0.037037037037037035,0.2990145647124957,0.48526911266332284
10,stage2_poisoned_refit,ensemble,0.26559139784946234,0.0,56.85185185185184,97.53548387096774
11,stage0_pre_attack,self_influence,0.25025303643724695,0.038461538461538464,11.31355338073061,23.25345555601823
11,stage0_pre_attack,training_dynamics,0.1763663967611336,0.0,-2.412677108446308,-1.327222970861425
11,stage0_pre_attack,cross_fit,0.27606275303643724,0.07692307692307693,0.2795659169447174,0.46180853380193776
11,stage0_pre_attack,ensemble,0.2173582995951417,0.038461538461538464,49.1025641025641,96.41008771929825
11,stage1_flipped_clean_models,self_influence,1.0,1.0,950.4052237088913,23.25345555601823
11,stage1_flipped_clean_models,training_dynamics,1.0,1.0,2.412677108446308,-1.327222970861425
11,stage1_flipped_clean_models,cross_fit,0.7856781376518218,0.4230769230769231,0.7204340830552826,0.46180853380193776
11,stage1_flipped_clean_models,ensemble,0.9678643724696356,0.8076923076923077,154.64102564102564,78.35745614035088
11,stage2_poisoned_refit,self_influence,0.23836032388663966,0.0,9.887714118028745,22.85184298134834
11,stage2_poisoned_refit,training_dynamics,0.1958502024291498,0.0,-2.5566356068334675,-1.346421569113243
11,stage2_poisoned_refit,cross_fit,0.19989878542510123,0.0,0.19750366035345152,0.4445433027448294
11,stage2_poisoned_refit,ensemble,0.19648279352226722,0.0,45.62820512820513,97.00438596491227
12,stage0_pre_attack,self_influence,0.19196320503510045,0.037037037037037035,9.819391747801488,25.23430481015916
12,stage0_pre_attack,training_dynamics,0.1503267973856209,0.0,-2.515600803898268,-1.2019272698390744
12,stage0_pre_attack,cross_fit,0.1767126603727911,0.037037037037037035,0.23166199848618796,0.502344345325241
12,stage0_pre_attack,ensemble,0.14996368917937544,0.037037037037037035,40.46913580246914,99.32897603485839
12,stage1_flipped_clean_models,self_influence,1.0,1.0,1018.1117289654147,25.23430481015916
12,stage1_flipped_clean_models,training_dynamics,1.0,1.0,2.515600803898268,-1.2019272698390744
12,stage1_flipped_clean_models,cross_fit,0.8090050835148874,0.48148148148148145,0.768338001513812,0.502344345325241
12,stage1_flipped_clean_models,ensemble,0.976882110869039,0.7777777777777778,157.25925925925927,78.71895424836602
12,stage2_poisoned_refit,self_influence,0.2384410554345195,0.0,12.141632318926488,26.171721268181418
12,stage2_poisoned_refit,training_dynamics,0.17453401113531833,0.0,-2.21693606302398,-1.1782547429790018
12,stage2_poisoned_refit,cross_fit,0.16412490922294845,0.0,0.24289544133531654,0.5014296420498463
12,stage2_poisoned_refit,ensemble,0.15843621399176955,0.0,43.4320987654321,98.80610021786491
13,stage0_pre_attack,self_influence,0.26260825267447785,0.0,11.295925380972571,23.11515629723605
13,stage0_pre_attack,training_dynamics,0.16377992868059094,0.0,-2.4395834839158246,-1.1910048595252745
13,stage0_pre_attack,cross_fit,0.27330616403464086,0.038461538461538464,0.2778960283758598,0.4636651199481349
13,stage0_pre_attack,ensemble,0.22019867549668873,0.0,48.71794871794872,95.93598233995584
13,stage1_flipped_clean_models,self_influence,1.0,1.0,949.3203367919313,23.11515629723605
13,stage1_flipped_clean_models,training_dynamics,1.0,1.0,2.4395834839158246,-1.1910048595252745
13,stage1_flipped_clean_models,cross_fit,0.7913907284768212,0.4230769230769231,0.7221039716241401,0.4636651199481349
13,stage1_flipped_clean_models,ensemble,0.966760061130922,0.8076923076923077,154.0,77.80794701986756
13,stage2_poisoned_refit,self_influence,0.23229750382068262,0.0,9.832886623428925,23.52740340842427
13,stage2_poisoned_refit,training_dynamics,0.17116658176260827,0.0,-2.5187959707829872,-1.2509294929606931
13,stage2_poisoned_refit,cross_fit,0.20555272542027508,0.0,0.22659071029759242,0.4503076741998149
13,stage2_poisoned_refit,ensemble,0.1762608252674478,0.0,44.15384615384615,96.72185430463576
14,stage0_pre_attack,self_influence,0.6953242835595776,0.38461538461538464,36.087412871503496,19.11331453012446
14,stage0_pre_attack,training_dynamics,0.557315233785822,0.15384615384615385,-1.2643105173206595,-1.5370779804103836
14,stage0_pre_attack,cross_fit,0.7109100050276521,0.46153846153846156,0.6078692110927337,0.4072231081860102
14,stage0_pre_attack,ensemble,0.6737053795877326,0.34615384615384615,113.64102564102565,85.98257080610021
14,stage1_flipped_clean_models,self_influence,0.9979889391654098,0.9230769230769231,453.4823265352239,19.11331453012446
14,stage1_flipped_clean_models,training_dynamics,0.9891905480140775,0.8846153846153846,1.2643105173206595,-1.5370779804103836
14,stage1_flipped_clean_models,cross_fit,0.47058823529411764,0.2692307692307692,0.39213078890726627,0.4072231081860102
14,stage1_flipped_clean_models,ensemble,0.8743086978381096,0.38461538461538464,138.84615384615384,81.69934640522875
14,stage2_poisoned_refit,self_influence,0.32805429864253394,0.0,7.032616425439319,15.389613151788312
14,stage2_poisoned_refit,training_dynamics,0.28833584715937655,0.0,-3.027850567449514,-2.0523332067168747
14,stage2_poisoned_refit,cross_fit,0.3129713423831071,0.038461538461538464,0.17810009594348622,0.33527590130932283
14,stage2_poisoned_refit,ensemble,0.2998994469582705,0.0,60.897435897435905,94.94553376906318
15,stage0_pre_attack,self_influence,0.1972101972101972,0.07407407407407407,10.046403267997981,24.303735342198976
15,stage0_pre_attack,training_dynamics,0.12890812890812892,0.0,-2.6088502304813677,-1.2563177701232402
15,stage0_pre_attack,cross_fit,0.2178932178932179,0.07407407407407407,0.24042117747731084,0.4792534018348872
15,stage0_pre_attack,ensemble,0.16414141414141414,0.07407407407407407,41.92592592592592,99.6038961038961
15,stage1_flipped_clean_models,self_influence,1.0,1.0,1098.656849616591,24.303735342198976
15,stage1_flipped_clean_models,training_dynamics,0.9997594997594997,0.9629629629629629,2.6088502304813677,-1.2563177701232402
15,stage1_flipped_clean_models,cross_fit,0.8075998075998077,0.5555555555555556,0.759578822522689,0.4792534018348872
15,stage1_flipped_clean_models,ensemble,0.9676527176527177,0.8148148148148148,158.11111111111111,79.23376623376623
15,stage2_poisoned_refit,self_influence,0.2623857623857624,0.0,11.882747449391346,24.1210368007822
15,stage2_poisoned_refit,training_dynamics,0.1632996632996633,0.0,-2.318705457554554,-1.2238939368774806
15,stage2_poisoned_refit,cross_fit,0.23713323713323714,0.037037037037037035,0.2638065926624579,0.47514138856026483
15,stage2_poisoned_refit,ensemble,0.1984126984126984,0.0,48.0246913580247,98.53463203463203
16,stage0_pre_attack,self_influence,0.26495726495726496,0.037037037037037035,12.512755903352073,26.271118324969393
16,stage0_pre_attack,training_dynamics,0.1697530864197531,0.0,-2.30939795890136,-1.2069596274746237
16,stage0_pre_attack,cross_fit,0.26970560303893637,0.07407407407407407,0.2874398639038574,0.5032455487573927
16,stage0_pre_attack,ensemble,0.21901709401709402,0.037037037037037035,50.629629629629626,99.16025641025641
16,stage1_flipped_clean_models,self_influence,1.0,1.0,897.9930607260519,26.271118324969393
16,stage1_flipped_clean_models,training_dynamics,1.0,1.0,2.30939795890136,-1.2069596274746237
16,stage1_flipped_clean_models,cross_fit,0.7274453941120608,0.4074074074074074,0.7125601360961425,0.5032455487573927
16,stage1_flipped_clean_models,ensemble,0.9515669515669516,0.7407407407407407,155.82716049382714,80.95299145299145
16,stage2_poisoned_refit,self_influence,0.22507122507122507,0.0,10.2891242037779,25.62370784376716
16,stage2_poisoned_refit,training_dynamics,0.16690408357075023,0.0,-2.4983378973427866,-1.2189358379493027
16,stage2_poisoned_refit,cross_fit,0.25332383665717,0.037037037037037035,0.27641788784895593,0.4900387814679406
16,stage2_poisoned_refit,ensemble,0.20109211775878444,0.0,47.55555555555556,99.6923076923077
17,stage0_pre_attack,self_influence,0.3032258064516129,0.037037037037037035,11.331733481871717,20.873329222178953
17,stage0_pre_attack,training_dynamics,0.1825567502986858,0.0,-2.2979593209116667,-1.3111745968842388
17,stage0_pre_attack,cross_fit,0.23464755077658303,0.07407407407407407,0.23533428327839262,0.43451788526781693
17,stage0_pre_attack,ensemble,0.23010752688172043,0.0,51.22222222222222,98.51612903225806
17,stage1_flipped_clean_models,self_influence,1.0,1.0,856.2204235370982,20.873329222178953
17,stage1_flipped_clean_models,training_dynamics,1.0,1.0,2.2979593209116667,-1.3111745968842388
17,stage1_flipped_clean_models,cross_fit,0.8406212664277181,0.5555555555555556,0.7646657167216074,0.43451788526781693
17,stage1_flipped_clean_models,ensemble,0.9712066905615293,0.8148148148148148,160.76543209876542,79.43440860215054
17,stage2_poisoned_refit,self_influence,0.3333333333333333,0.07407407407407407,13.634851732721105,21.044393420094792
17,stage2_poisoned_refit,training_dynamics,0.22652329749103942,0.0,-2.3149077340997417,-1.3106532005652969
17,stage2_poisoned_refit,cross_fit,0.4045400238948626,0.2222222222222222,0.3733955453573305,0.4478680413076811
17,stage2_poisoned_refit,ensemble,0.310752688172043,0.07407407407407407,63.827160493827165,96.32043010752689
18,stage0_pre_attack,self_influence,0.7022414671421294,0.38461538461538464,33.24895630729827,18.397422036519558
18,stage0_pre_attack,training_dynamics,0.5397350993377483,0.11538461538461539,-1.3272905892953455,-1.5009605408181705
18,stage0_pre_attack,cross_fit,0.7435048395313296,0.5,0.6453466749870547,0.39962235488284115
18,stage0_pre_attack,ensemble,0.6864493122771268,0.34615384615384615,113.43589743589745,84.7924944812362
18,stage1_flipped_clean_models,self_influence,0.9885379521141111,0.9615384615384616,493.8175389041763,18.397422036519558
18,stage1_flipped_clean_models,training_dynamics,0.9918492103922567,0.9230769230769231,1.3272905892953455,-1.5009605408181705
18,stage1_flipped_clean_models,cross_fit,0.42435048395313296,0.19230769230769232,0.35465332501294533,0.39962235488284115
18,stage1_flipped_clean_models,ensemble,0.8506113092205807,0.38461538461538464,134.53846153846155,81.15894039735099
18,stage2_poisoned_refit,self_influence,0.30947529291900155,0.038461538461538464,6.49711664664505,15.291959581852224
18,stage2_poisoned_refit,training_dynamics,0.28094752929190014,0.0,-3.118622745612854,-1.9925243325985955
18,stage2_poisoned_refit,cross_fit,0.31456953642384106,0.07692307692307693,0.18743782111835514,0.34099580573112376
18,stage2_poisoned_refit,ensemble,0.2920275089149261,0.038461538461538464,59.05128205128205,94.15673289183222
19,stage0_pre_attack,self_influence,0.21528136293236966,0.0,7.931361030421288,20.54760222296962
19,stage0_pre_attack,training_dynamics,0.15074858027878163,0.0,-2.6707532119717925,-1.3474116934120965
19,stage0_pre_attack,cross_fit,0.21734641197728446,0.07692307692307693,0.22018043340300883,0.43201315807480994
19,stage0_pre_attack,ensemble,0.18069179143004646,0.0,42.47435897435898,95.94407158836687
19,stage1_flipped_clean_models,self_influence,1.0,1.0,1089.1197947314404,20.54760222296962
19,stage1_flipped_clean_models,training_dynamics,1.0,1.0,2.6707532119717925,-1.3474116934120965
19,stage1_flipped_clean_models,cross_fit,0.8742901393908106,0.6153846153846154,0.7798195665969914,0.43201315807480994
19,stage1_flipped_clean_models,ensemble,0.980898296334538,0.8846153846153846,156.25641025641025,76.08948545861297
19,stage2_poisoned_refit,self_influence,0.29013939081053175,0.0,11.03696106785323,21.191856120114608
19,stage2_poisoned_refit,training_dynamics,0.19230769230769232,0.0,-2.3182993881860043,-1.3208741332151566
19,stage2_poisoned_refit,cross_fit,0.32911719153329894,0.07692307692307693,0.3135856904988854,0.4262493929710211
19,stage2_poisoned_refit,ensemble,0.24741868869385647,0.0,53.80769230769231,93.96644295302013
