attack,detector,metric,n_seeds,mean,sd,median,min,max,p2_5,p97_5,block,alpha,stage,interval_type
ambiguity_flip,cross_fit,auroc,20,0.6108499254643289,0.036734959327947875,0.6111462121395896,0.5446343779677113,0.6997934950955085,0.5505118429138037,0.68053973307329,E1,,,"repeated-split stability interval (same 300-example pool, not an independent CI)"
ambiguity_flip,cross_fit,precision_at_budget,20,0.03967236467236467,0.03590456067265956,0.03774928774928775,0.0,0.11538461538461539,0.0,0.11538461538461539,E1,,,"repeated-split stability interval (same 300-example pool, not an independent CI)"
ambiguity_flip,ensemble,auroc,20,0.6466122096405493,0.03608766695510034,0.6523441015376499,0.5821462488129154,0.7221218378936499,0.588718041822617,0.7145871926468057,E1,,,"repeated-split stability interval (same 300-example pool, not an independent CI)"
ambiguity_flip,ensemble,precision_at_budget,20,0.14551282051282052,0.052082347290905905,0.14814814814814814,0.07407407407407407,0.2692307692307692,0.07542735042735042,0.2509615384615384,E1,,,"repeated-split stability interval (same 300-example pool, not an independent CI)"
ambiguity_flip,self_influence,auroc,20,0.4761188196462321,0.04165063948227654,0.48395474895474894,0.4108507386653082,0.5356963298139769,0.41451548870147104,0.5343655731523379,E1,,,"repeated-split stability interval (same 300-example pool, not an independent CI)"
ambiguity_flip,self_influence,precision_at_budget,20,0.07179487179487179,0.04268603177477389,0.07407407407407407,0.0,0.15384615384615385,0.0,0.13557692307692304,E1,,,"repeated-split stability interval (same 300-example pool, not an independent CI)"
ambiguity_flip,training_dynamics,auroc,20,0.8264867785148697,0.030088349386747176,0.8192852898735252,0.7877027354151537,0.8879710893133712,0.7888144988635184,0.8839889948407517,E1,,,"repeated-split stability interval (same 300-example pool, not an independent CI)"
ambiguity_flip,training_dynamics,precision_at_budget,20,0.5452279202279202,0.040618015743074214,0.5384615384615384,0.4444444444444444,0.6296296296296297,0.462037037037037,0.6120370370370369,E1,,,"repeated-split stability interval (same 300-example pool, not an independent CI)"
gradient_flip,cross_fit,auroc,20,0.28009167404409524,0.052678297072387234,0.2785039941902687,0.16412490922294845,0.4045400238948626,0.181117500418971,0.3687141785231198,E1,,,"repeated-split stability interval (same 300-example pool, not an independent CI)"
gradient_flip,cross_fit,precision_at_budget,20,0.050854700854700854,0.05328813929096676,0.037037037037037035,0.0,0.2222222222222222,0.0,0.1714743589743588,E1,,,"repeated-split stability interval (same 300-example pool, not an independent CI)"
gradient_flip,ensemble,auroc,20,0.24660135055857596,0.04503375382664959,0.25476347540105926,0.15843621399176955,0.310752688172043,0.1669029043477167,0.30559739859550106,E1,,,"repeated-split stability interval (same 300-example pool, not an independent CI)"
gradient_flip,ensemble,precision_at_budget,20,0.00754985754985755,0.019608727046267455,0.0,0.0,0.07407407407407407,0.0,0.05715811965811961,E1,,,"repeated-split stability interval (same 300-example pool, not an independent CI)"
gradient_flip,self_influence,auroc,20,0.28312473523602755,0.03449977070210786,0.28934468935346247,0.22507122507122507,0.33548387096774196,0.2285037074772174,0.33446236559139786,E1,,,"repeated-split stability interval (same 300-example pool, not an independent CI)"
gradient_flip,self_influence,precision_at_budget,20,0.011253561253561254,0.02134451703143705,0.0,0.0,0.07407407407407407,0.0,0.05715811965811961,E1,,,"repeated-split stability interval (same 300-example pool, not an independent CI)"
gradient_flip,training_dynamics,auroc,20,0.22361693314358141,0.04909819197371613,0.21160684841899263,0.16250636780438105,0.2969230769230769,0.16288318316464012,0.2932692307692307,E1,,,"repeated-split stability interval (same 300-example pool, not an independent CI)"
gradient_flip,training_dynamics,precision_at_budget,20,0.0,0.0,0.0,0.0,0.0,0.0,0.0,E1,,,"repeated-split stability interval (same 300-example pool, not an independent CI)"
random_flip,cross_fit,auroc,20,0.5982779761204889,0.04770888132725527,0.6024508971528839,0.5035612535612536,0.6681190994916485,0.5150069837569837,0.6661157197921903,E1,,,"repeated-split stability interval (same 300-example pool, not an independent CI)"
random_flip,cross_fit,precision_at_budget,20,0.22051282051282053,0.06308500780484776,0.2222222222222222,0.11538461538461539,0.3333333333333333,0.11538461538461539,0.3211538461538461,E1,,,"repeated-split stability interval (same 300-example pool, not an independent CI)"
random_flip,ensemble,auroc,20,0.602743677805212,0.04482508632066943,0.6160213958227203,0.5037986704653371,0.6762285160977971,0.5178733303733304,0.6633878693927713,E1,,,"repeated-split stability interval (same 300-example pool, not an independent CI)"
random_flip,ensemble,precision_at_budget,20,0.23774928774928772,0.06756513548057845,0.23076923076923078,0.1111111111111111,0.37037037037037035,0.1287037037037037,0.3588675213675213,E1,,,"repeated-split stability interval (same 300-example pool, not an independent CI)"
random_flip,self_influence,auroc,20,0.6047195030968697,0.045534574305624416,0.6106067119463648,0.5275403608736942,0.6780440571290245,0.5295380545380545,0.6725994672316579,E1,,,"repeated-split stability interval (same 300-example pool, not an independent CI)"
random_flip,self_influence,precision_at_budget,20,0.24537037037037038,0.0785169382320531,0.25,0.14814814814814814,0.38461538461538464,0.14814814814814814,0.37784900284900286,E1,,,"repeated-split stability interval (same 300-example pool, not an independent CI)"
random_flip,training_dynamics,auroc,20,0.5794184172419669,0.04979789248413808,0.5792830644581499,0.48836657169990505,0.6538461538461539,0.4987792814181703,0.6457483227644518,E1,,,"repeated-split stability interval (same 300-example pool, not an independent CI)"
random_flip,training_dynamics,precision_at_budget,20,0.18725071225071227,0.06210371364829188,0.18518518518518517,0.07407407407407407,0.2692307692307692,0.07407407407407407,0.2692307692307692,E1,,,"repeated-split stability interval (same 300-example pool, not an independent CI)"
,cross_fit,auroc,20,0.6213396656411286,0.06055371116015129,0.6165485168426346,0.5349002849002849,0.7803304078471863,0.5367776241550751,0.7388825828156463,E3,0.0,,"repeated-split stability interval (same 300-example pool, not an independent CI)"
,self_influence,auroc,20,0.5338899586045461,0.04958159282367562,0.5289760841853643,0.44776828110161443,0.62751677852349,0.45155862655862655,0.6186494258691257,E3,0.0,,"repeated-split stability interval (same 300-example pool, not an independent CI)"
,training_dynamics,auroc,20,0.300202983190494,0.04300920093559843,0.2871627283391989,0.2409781576448243,0.3756959573953038,0.2432643745143745,0.37196288666712407,E3,0.0,,"repeated-split stability interval (same 300-example pool, not an independent CI)"
,cross_fit,auroc,20,0.6131976657860451,0.05914758018803479,0.6177820605925182,0.48946986201888165,0.6952861952861953,0.49774209541366404,0.6936261817973227,E3,0.25,,"repeated-split stability interval (same 300-example pool, not an independent CI)"
,self_influence,auroc,20,0.6038592313628486,0.046313288023626456,0.6092698583933489,0.5035612535612536,0.6770779556014456,0.5072164264566226,0.6706570855915952,E3,0.25,,"repeated-split stability interval (same 300-example pool, not an independent CI)"
,training_dynamics,auroc,20,0.43146146938971086,0.03571482522314491,0.43844645550527905,0.3403534253207456,0.4981930820856995,0.3619827974018988,0.48368585612351994,E3,0.25,,"repeated-split stability interval (same 300-example pool, not an independent CI)"
,cross_fit,auroc,20,0.571306520882571,0.05141580073691319,0.5777392505580425,0.4681861348528015,0.6673835125448029,0.4808938746438746,0.6527930107526881,E3,0.5,,"repeated-split stability interval (same 300-example pool, not an independent CI)"
,self_influence,auroc,20,0.6381575899650077,0.04593731015192888,0.6422988473642068,0.5600664767331434,0.7194383926410071,0.5642479237658976,0.7170719422775084,E3,0.5,,"repeated-split stability interval (same 300-example pool, not an independent CI)"
,training_dynamics,auroc,20,0.5438716990273271,0.03827152584900352,0.5407323613205965,0.46744129750665697,0.6204906204906205,0.47602752639517343,0.6149430030148985,E3,0.5,,"repeated-split stability interval (same 300-example pool, not an independent CI)"
,cross_fit,auroc,20,0.5972916417781361,0.03460357755148021,0.602565183779605,0.5176923076923077,0.6491101491101491,0.5312220834720834,0.648171831896664,E3,0.75,,"repeated-split stability interval (same 300-example pool, not an independent CI)"
,self_influence,auroc,20,0.6858889804478977,0.03692024442089643,0.6878608112160745,0.615897435897436,0.7413526071244192,0.6212924976258309,0.7355004413209653,E3,0.75,,"repeated-split stability interval (same 300-example pool, not an independent CI)"
,training_dynamics,auroc,20,0.6745468756316175,0.029865751107542037,0.683859029420212,0.6239316239316239,0.7280040221216691,0.6272093647093647,0.7235547187382955,E3,0.75,,"repeated-split stability interval (same 300-example pool, not an independent CI)"
,cross_fit,auroc,20,0.6108499254643289,0.036734959327947875,0.6111462121395896,0.5446343779677113,0.6997934950955085,0.5505118429138037,0.68053973307329,E3,1.0,,"repeated-split stability interval (same 300-example pool, not an independent CI)"
,self_influence,auroc,20,0.4761188196462321,0.04165063948227654,0.48395474895474894,0.4108507386653082,0.5356963298139769,0.41451548870147104,0.5343655731523379,E3,1.0,,"repeated-split stability interval (same 300-example pool, not an independent CI)"
,training_dynamics,auroc,20,0.8264867785148697,0.030088349386747176,0.8192852898735252,0.7877027354151537,0.8879710893133712,0.7888144988635184,0.8839889948407517,E3,1.0,,"repeated-split stability interval (same 300-example pool, not an independent CI)"
,cross_fit,auroc,20,0.4197682900035048,0.23912536112319366,0.2715058835367886,0.1767126603727911,0.75,0.17832244008714598,0.7469147987773815,stages,,stage0_pre_attack,"repeated-split stability interval (same 300-example pool, not an independent CI)"
,cross_fit,precision_at_budget,20,0.20854700854700853,0.18336557154550848,0.09615384615384616,0.0,0.5384615384615384,0.017592592592592594,0.5201923076923076,stages,,stage0_pre_attack,"repeated-split stability interval (same 300-example pool, not an independent CI)"
,cross_fit,mean_flipped,20,0.3857953638323787,0.17962878993867376,0.2831362861226161,0.1815337933792237,0.6453466749870547,0.19645224308378711,0.642316165297444,stages,,stage0_pre_attack,"repeated-split stability interval (same 300-example pool, not an independent CI)"
,cross_fit,mean_unflipped,20,0.444082479653724,0.03516775875133096,0.4373768315381876,0.3992029429772761,0.5032455487573927,0.3994021636324195,0.5028174771271207,stages,,stage0_pre_attack,"repeated-split stability interval (same 300-example pool, not an independent CI)"
,ensemble,auroc,20,0.37483452057439504,0.23985037441853166,0.21960788475689136,0.11863799283154122,0.7033333333333334,0.13110302902523016,0.6953134233316353,stages,,stage0_pre_attack,"repeated-split stability interval (same 300-example pool, not an independent CI)"
,ensemble,precision_at_budget,20,0.14971509971509972,0.1597320857312175,0.05626780626780627,0.0,0.38461538461538464,0.0,0.37784900284900286,stages,,stage0_pre_attack,"repeated-split stability interval (same 300-example pool, not an independent CI)"
,ensemble,mean_flipped,20,71.29973884140551,33.63100494184945,49.86609686609687,35.135802469135804,115.7051282051282,37.669135802469135,115.05352564102563,stages,,stage0_pre_attack,"repeated-split stability interval (same 300-example pool, not an independent CI)"
,ensemble,mean_unflipped,20,93.3447417626269,6.322618456587307,96.02611967939313,83.78444444444445,101.31827956989248,84.26326821192053,100.5039474235442,stages,,stage0_pre_attack,"repeated-split stability interval (same 300-example pool, not an independent CI)"
,self_influence,auroc,20,0.40805271112544056,0.23266439821395227,0.26378275881587143,0.13213859020310634,0.7156410256410256,0.16055528224830354,0.7092762353540499,stages,,stage0_pre_attack,"repeated-split stability interval (same 300-example pool, not an independent CI)"
,self_influence,precision_at_budget,20,0.16495726495726498,0.17415358209216092,0.05626780626780627,0.0,0.4230769230769231,0.0,0.40480769230769226,stages,,stage0_pre_attack,"repeated-split stability interval (same 300-example pool, not an independent CI)"
,self_influence,mean_flipped,20,19.457382414254177,12.2747492493335,11.420642555830565,5.065623568560499,36.087412871503496,6.426848862944373,35.95466637758121,stages,,stage0_pre_attack,"repeated-split stability interval (same 300-example pool, not an independent CI)"
,self_influence,mean_unflipped,20,21.774172921164627,2.599166840458912,21.04588306547503,18.397422036519558,26.271118324969393,18.6239930148086,25.77863190543453,stages,,stage0_pre_attack,"repeated-split stability interval (same 300-example pool, not an independent CI)"
,training_dynamics,auroc,20,0.3051942967790882,0.19607910121795763,0.17305974159044335,0.0912783751493429,0.5784615384615385,0.10915250818476625,0.5731025641025641,stages,,stage0_pre_attack,"repeated-split stability interval (same 300-example pool, not an independent CI)"
,training_dynamics,precision_at_budget,20,0.06068376068376069,0.07821646904167302,0.0,0.0,0.19230769230769232,0.0,0.18892450142450143,stages,,stage0_pre_attack,"repeated-split stability interval (same 300-example pool, not an independent CI)"
,training_dynamics,mean_flipped,20,-2.046669020520358,0.6492852279769886,-2.3610375336738336,-3.0639886952614894,-1.170652739714483,-2.903121337181828,-1.1745145404493877,stages,,stage0_pre_attack,"repeated-split stability interval (same 300-example pool, not an independent CI)"
,training_dynamics,mean_unflipped,20,-1.345692887530581,0.1188093139404092,-1.337345834167324,-1.5370779804103836,-1.1822239892852628,-1.5199221966040823,-1.18291873002821,stages,,stage0_pre_attack,"repeated-split stability interval (same 300-example pool, not an independent CI)"
,cross_fit,auroc,20,0.677394631228205,0.17320648298960373,0.7711910973500378,0.42435048395313296,0.8742901393908106,0.42898272202411275,0.8704419886520991,stages,,stage1_flipped_clean_models,"repeated-split stability interval (same 300-example pool, not an independent CI)"
,cross_fit,precision_at_budget,20,0.4033475783475783,0.1683548149551636,0.4230769230769231,0.15384615384615385,0.6923076923076923,0.16873219373219372,0.6625356125356124,stages,,stage1_flipped_clean_models,"repeated-split stability interval (same 300-example pool, not an independent CI)"
,cross_fit,mean_flipped,20,0.6142046361676213,0.17962878993867376,0.7168637138773839,0.35465332501294533,0.8184662066207764,0.35768383470255616,0.8035477569162129,stages,,stage1_flipped_clean_models,"repeated-split stability interval (same 300-example pool, not an independent CI)"
,cross_fit,mean_unflipped,20,0.444082479653724,0.03516775875133096,0.4373768315381876,0.3992029429772761,0.5032455487573927,0.3994021636324195,0.5028174771271207,stages,,stage1_flipped_clean_models,"repeated-split stability interval (same 300-example pool, not an independent CI)"
,ensemble,auroc,20,0.9303915043282972,0.04902255251526346,0.957408179262484,0.8506113092205807,0.980898296334538,0.8578722193920869,0.9792780689017037,stages,,stage1_flipped_clean_models,"repeated-split stability interval (same 300-example pool, not an independent CI)"
,ensemble,precision_at_budget,20,0.6670940170940172,0.18796550634317521,0.7735042735042735,0.38461538461538464,0.8846153846153846,0.38461538461538464,0.8690527065527065,stages,,stage1_flipped_clean_models,"repeated-split stability interval (same 300-example pool, not an independent CI)"
,ensemble,mean_flipped,20,149.65930674264007,9.842867652431803,154.32051282051282,134.53846153846155,162.0864197530864,134.62371794871794,161.45895061728393,stages,,stage1_flipped_clean_models,"repeated-split stability interval (same 300-example pool, not an independent CI)"
,ensemble,mean_unflipped,20,79.72878644162338,1.7188260127082648,79.48343806730904,76.08948545861297,83.28632478632478,76.9057547002089,82.67945994637171,stages,,stage1_flipped_clean_models,"repeated-split stability interval (same 300-example pool, not an independent CI)"
,self_influence,auroc,20,0.9965220925046057,0.005215223279103876,1.0,0.9849915274751876,1.0,0.9853000391039607,1.0,stages,,stage1_flipped_clean_models,"repeated-split stability interval (same 300-example pool, not an independent CI)"
,self_influence,precision_at_budget,20,0.9735042735042734,0.03690241633482806,1.0,0.8888888888888888,1.0,0.9051282051282051,1.0,stages,,stage1_flipped_clean_models,"repeated-split stability interval (same 300-example pool, not an independent CI)"
,self_influence,mean_flipped,20,796.9915289533076,294.2088365315879,890.0257069451495,377.9611084444581,1260.3590218527563,381.0392070872485,1205.9957907154258,stages,,stage1_flipped_clean_models,"repeated-split stability interval (same 300-example pool, not an independent CI)"
,self_influence,mean_unflipped,20,21.774172921164627,2.599166840458912,21.04588306547503,18.397422036519558,26.271118324969393,18.6239930148086,25.77863190543453,stages,,stage1_flipped_clean_models,"repeated-split stability interval (same 300-example pool, not an independent CI)"
,training_dynamics,auroc,20,0.9966129523438096,0.005035958894437217,1.0,0.9825708061002179,1.0,0.9857151835093012,1.0,stages,,stage1_flipped_clean_models,"repeated-split stability interval (same 300-example pool, not an independent CI)"
,training_dynamics,precision_at_budget,20,0.9601851851851853,0.04853762316027343,1.0,0.8846153846153846,1.0,0.8846153846153846,1.0,stages,,stage1_flipped_clean_models,"repeated-split stability interval (same 300-example pool, not an independent CI)"
,training_dynamics,mean_flipped,20,2.046669020520358,0.6492852279769886,2.3610375336738336,1.170652739714483,3.0639886952614894,1.1745145404493877,2.9031213371818274,stages,,stage1_flipped_clean_models,"repeated-split stability interval (same 300-example pool, not an independent CI)"
,training_dynamics,mean_unflipped,20,-1.345692887530581,0.1188093139404092,-1.337345834167324,-1.5370779804103836,-1.1822239892852628,-1.5199221966040823,-1.18291873002821,stages,,stage1_flipped_clean_models,"repeated-split stability interval (same 300-example pool, not an independent CI)"
,cross_fit,auroc,20,0.28009167404409524,0.052678297072387234,0.2785039941902687,0.16412490922294845,0.4045400238948626,0.181117500418971,0.3687141785231198,stages,,stage2_poisoned_refit,"repeated-split stability interval (same 300-example pool, not an independent CI)"
,cross_fit,precision_at_budget,20,0.050854700854700854,0.05328813929096676,0.037037037037037035,0.0,0.2222222222222222,0.0,0.1714743589743588,stages,,stage2_poisoned_refit,"repeated-split stability interval (same 300-example pool, not an independent CI)"
,cross_fit,mean_flipped,20,0.23909038566173257,0.06603436611117575,0.23474307581645448,0.15666210787614418,0.3733955453573305,0.15695952300942936,0.35012067409716036,stages,,stage2_poisoned_refit,"repeated-split stability interval (same 300-example pool, not an independent CI)"
,cross_fit,mean_unflipped,20,0.4158417423480748,0.06476032477775574,0.44335909429455855,0.33185926746400835,0.5014296420498463,0.33348216854053275,0.49601898327344107,stages,,stage2_poisoned_refit,"repeated-split stability interval (same 300-example pool, not an independent CI)"
,ensemble,auroc,20,0.24660135055857596,0.04503375382664959,0.25476347540105926,0.15843621399176955,0.310752688172043,0.1669029043477167,0.30559739859550106,stages,,stage2_poisoned_refit,"repeated-split stability interval (same 300-example pool, not an independent CI)"
,ensemble,precision_at_budget,20,0.00754985754985755,0.019608727046267455,0.0,0.0,0.07407407407407407,0.0,0.05715811965811961,stages,,stage2_poisoned_refit,"repeated-split stability interval (same 300-example pool, not an independent CI)"
,ensemble,mean_flipped,20,53.77559354226021,5.9236221684957435,54.92853751187084,43.4320987654321,63.827160493827165,43.774928774928775,62.43554131054131,stages,,stage2_poisoned_refit,"repeated-split stability interval (same 300-example pool, not an independent CI)"
,ensemble,mean_unflipped,20,96.37813682288787,1.8137866207249125,96.38788389907936,93.51111111111112,99.6923076923077,93.7273937360179,99.27135914194737,stages,,stage2_poisoned_refit,"repeated-split stability interval (same 300-example pool, not an independent CI)"
,self_influence,auroc,20,0.28312473523602755,0.03449977070210786,0.28934468935346247,0.22507122507122507,0.33548387096774196,0.2285037074772174,0.33446236559139786,stages,,stage2_poisoned_refit,"repeated-split stability interval (same 300-example pool, not an independent CI)"
,self_influence,precision_at_budget,20,0.011253561253561254,0.02134451703143705,0.0,0.0,0.07407407407407407,0.0,0.05715811965811961,stages,,stage2_poisoned_refit,"repeated-split stability interval (same 300-example pool, not an independent CI)"
,self_influence,mean_flipped,20,9.671317365451142,2.996979813212564,10.088419160903323,5.6714190878835105,15.090041509230021,5.870594762781446,14.398826365388283,stages,,stage2_poisoned_refit,"repeated-split stability interval (same 300-example pool, not an independent CI)"
,self_influence,mean_unflipped,20,20.69500567007564,4.2345752529542535,21.542284172888813,15.291959581852224,26.439357310779805,15.338345027571865,26.31223019054557,stages,,stage2_poisoned_refit,"repeated-split stability interval (same 300-example pool, not an independent CI)"
,training_dynamics,auroc,20,0.22361693314358141,0.04909819197371613,0.21160684841899263,0.16250636780438105,0.2969230769230769,0.16288318316464012,0.2932692307692307,stages,,stage2_poisoned_refit,"repeated-split stability interval (same 300-example pool, not an independent CI)"
,training_dynamics,precision_at_budget,20,0.0,0.0,0.0,0.0,0.0,0.0,0.0,stages,,stage2_poisoned_refit,"repeated-split stability interval (same 300-example pool, not an independent CI)"
,training_dynamics,mean_flipped,20,-2.6283311093856265,0.36919505808395703,-2.5085669340628867,-3.118622745612854,-2.105927551995408,-3.114919635624404,-2.1586565947339795,stages,,stage2_poisoned_refit,"repeated-split stability interval (same 300-example pool, not an independent CI)"
,training_dynamics,mean_unflipped,20,-1.5346392883328632,0.37077204158229926,-1.324958271767985,-2.0523332067168747,-1.1619427983675046,-2.0344047974669506,-1.167576352629999,stages,,stage2_poisoned_refit,"repeated-split stability interval (same 300-example pool, not an independent CI)"
,,mean_signed_margin_flipped,20,2.046669020520358,0.6492852279769886,2.3610375336738336,1.170652739714483,3.0639886952614894,1.1745145404493877,2.9031213371818274,cohort,,stage0_pre_attack,"repeated-split stability interval (same 300-example pool, not an independent CI)"
,,mean_signed_margin_unflipped,20,1.345692887530581,0.1188093139404092,1.337345834167324,1.1822239892852628,1.5370779804103836,1.18291873002821,1.5199221966040823,cohort,,stage0_pre_attack,"repeated-split stability interval (same 300-example pool, not an independent CI)"
,,mean_disagreement_flipped,20,0.04057258028883913,0.03447469975295769,0.016560352297981265,0.00550183278622813,0.09367255654768689,0.008191084540679057,0.09029068166335472,cohort,,stage0_pre_attack,"repeated-split stability interval (same 300-example pool, not an independent CI)"
,,mean_disagreement_unflipped,20,0.07763825183650108,0.008218584967188119,0.07708608123975302,0.06561134507329189,0.09049483835210212,0.06582445322228402,0.08994387256302733,cohort,,stage0_pre_attack,"repeated-split stability interval (same 300-example pool, not an independent CI)"
,,mean_signed_margin_flipped,20,-2.046669020520358,0.6492852279769886,-2.3610375336738336,-3.0639886952614894,-1.170652739714483,-2.903121337181828,-1.1745145404493877,cohort,,stage1_flipped_clean_models,"repeated-split stability interval (same 300-example pool, not an independent CI)"
,,mean_signed_margin_unflipped,20,1.345692887530581,0.1188093139404092,1.337345834167324,1.1822239892852628,1.5370779804103836,1.18291873002821,1.5199221966040823,cohort,,stage1_flipped_clean_models,"repeated-split stability interval (same 300-example pool, not an independent CI)"
,,mean_disagreement_flipped,20,0.7294726165707646,0.1198881853130764,0.7996198352754667,0.5594454498096948,0.8835706457520082,0.5608940788882267,0.8659177522603981,cohort,,stage1_flipped_clean_models,"repeated-split stability interval (same 300-example pool, not an independent CI)"
,,mean_disagreement_unflipped,20,0.07763825183650108,0.008218584967188119,0.07708608123975302,0.06561134507329189,0.09049483835210212,0.06582445322228402,0.08994387256302733,cohort,,stage1_flipped_clean_models,"repeated-split stability interval (same 300-example pool, not an independent CI)"
,,mean_signed_margin_flipped,20,2.6283311093856265,0.36919505808395703,2.5085669340628867,2.105927551995408,3.118622745612854,2.1586565947339795,3.114919635624404,cohort,,stage2_poisoned_refit,"repeated-split stability interval (same 300-example pool, not an independent CI)"
,,mean_signed_margin_unflipped,20,1.5346392883328632,0.37077204158229926,1.324958271767985,1.1619427983675046,2.0523332067168747,1.167576352629999,2.0344047974669506,cohort,,stage2_poisoned_refit,"repeated-split stability interval (same 300-example pool, not an independent CI)"
,,mean_disagreement_flipped,20,0.015134826824182154,0.004644658080253668,0.015559131864759138,0.00755393049210613,0.024721626740499297,0.008399316755318128,0.023806427450042956,cohort,,stage2_poisoned_refit,"repeated-split stability interval (same 300-example pool, not an independent CI)"
,,mean_disagreement_unflipped,20,0.07612922437395782,0.013320011862437482,0.07855879863326234,0.058776845197384846,0.0944289778760936,0.05915168909788611,0.0931584880597822,cohort,,stage2_poisoned_refit,"repeated-split stability interval (same 300-example pool, not an independent CI)"
